,Data
0,0.0
1,0.0
2,0.0
3,0.0
4,0.05
5,0.0
6,0.0
7,0.0
8,0.0
9,0.05
10,0.0
11,0.05
12,0.05
13,0.05
14,0.0
15,0.0
16,0.0
17,0.0
18,0.0
19,0.0
20,0.0
21,0.0
22,0.0
23,0.0
24,0.0
25,0.0
26,0.0
27,0.0
28,0.0
29,0.0
30,0.0
31,0.05
32,0.05
33,0.05
34,0.0
35,0.0
36,0.0
37,0.0
38,0.0
39,0.0
40,0.0
41,0.0
42,0.0
43,0.0
44,0.0
45,-0.05
46,-0.05
47,-0.05
48,-0.05
49,-0.05
50,-0.05
51,-0.05
52,-0.05
53,-0.05
54,-0.1
55,-0.1
56,-0.1
57,-0.1
58,-0.1
59,-0.1
60,-0.15
61,-0.15
62,-0.15
63,-0.2
64,-0.2
65,-0.25
66,-0.25
67,-0.3
68,-0.3
69,-0.35
70,-0.4
71,-0.4
72,-0.45
73,-0.5
74,-0.55
75,-0.6
76,-0.65
77,-0.7
78,-0.75
79,-0.8
80,-0.85
81,-0.95
82,-1.05
83,-1.1
84,-1.2
85,-1.25
86,-1.3
87,-1.4
88,-1.5
89,-1.55
90,-1.6
91,-1.65
92,-1.7
93,-1.8
94,-1.85
95,-1.95
96,-2.0
97,-2.0
98,-2.1
99,-2.1
100,-2.15
101,-2.2
102,-2.25
103,-2.25
104,-2.3
105,-2.3
106,-2.3
107,-2.3
108,-2.3
109,-2.3
110,-2.25
111,-2.2
112,-2.15
113,-2.05
114,-2.0
115,-1.9
116,-1.8
117,-1.75
118,-1.7
119,-1.65
120,-1.55
121,-1.5
122,-1.45
123,-1.4
124,-1.4
125,-1.35
126,-1.3
127,-1.25
128,-1.25
129,-1.2
130,-1.2
131,-1.15
132,-1.1
133,-1.1
134,-1.05
135,-1.0
136,-0.95
137,-0.85
138,-0.8
139,-0.75
140,-0.7
141,-0.65
142,-0.6
143,-0.55
144,-0.5
145,-0.45
146,-0.35
147,-0.25
148,-0.15
149,-0.1
150,0.0
151,0.05
152,0.1
153,0.15
154,0.25
155,0.35
156,0.6
157,0.95
158,1.1
159,1.15
160,1.15
161,1.15
162,1.15
163,1.1
164,1.0
165,0.9
166,0.75
167,0.6
168,0.5
169,0.4
170,0.35
171,0.3
172,0.25
173,0.2
174,0.15
175,0.15
176,0.1
177,0.05
178,0.05
179,0.0
180,0.0
181,-0.05
182,-0.05
183,-0.05
184,-0.05
185,0.0
186,0.05
187,0.05
188,0.1
189,0.1
190,0.15
191,0.15
192,0.2
193,0.2
194,0.25
195,0.3
196,0.3
197,0.3
198,0.3
199,0.25
200,0.25
201,0.2
202,0.15
203,0.1
204,0.1
205,0.1
206,0.1
207,0.1
208,0.1
209,0.15
210,0.15
211,0.2
212,0.25
213,0.25
214,0.35
215,0.45
216,0.6
217,0.9
218,1.15
219,1.4
220,1.7
221,2.0
222,2.4
223,2.8
224,3.4
225,4.25
226,4.9
227,6.95
228,9.5
229,12.5
230,13.75
231,14.65
232,16.55
233,15.4
234,16.7
235,22.05
236,25.6
237,25.3
238,24.0
239,24.95
240,27.0
241,27.55
242,29.95
243,34.1
244,46.0
245,48.0
246,50.8
247,45.0
248,42.1
249,44.05
250,47.2
251,57.95
252,61.8
253,62.75
254,71.45
255,70.5
256,64.95
257,65.35
258,64.45
259,68.45
260,73.95
261,71.2
262,79.7
263,90.65
264,78.7
265,78.0
266,83.25
267,77.0
268,76.55
269,74.1
270,78.95
271,79.4
272,83.95
273,94.0
274,92.95
275,89.25
276,91.75
277,95.6
278,74.55
279,68.8
280,82.9
281,79.2
282,78.15
283,79.95
284,78.55
285,69.5
286,71.5
287,81.95
288,87.7
289,90.15
290,90.6
291,86.7
292,85.4
293,77.8
294,84.35
295,97.8
296,88.8
297,79.45
298,80.5
299,89.8
300,94.25
301,97.6
302,92.55
303,84.7
304,90.55
305,92.65
306,89.2
307,92.85
308,83.9
309,94.0
310,94.65
311,85.4
312,85.25
313,95.3
314,91.8
315,85.95
316,78.6
317,77.65
318,87.2
319,90.4
320,90.7
321,91.45
322,84.45
323,84.2
324,88.1
325,88.0
326,92.45
327,92.15
328,83.0
329,85.6
330,86.85
331,84.3
332,82.45
333,85.5
334,82.8
335,79.25
336,78.3
337,84.45
338,96.05
339,85.7
340,84.1
341,84.75
342,85.85
343,81.85
344,83.6
345,71.3
346,63.0
347,60.7
348,72.4
349,74.45
350,80.8
351,82.45
352,87.9
353,88.65
354,84.8
355,94.5
356,90.45
357,83.95
358,73.75
359,72.6
360,81.7
361,88.95
362,92.75
363,105.85
364,106.8
365,106.95
366,110.35
367,106.85
368,100.95
369,116.75
370,122.85
371,94.0
372,73.3
373,73.7
374,80.1
375,74.2
376,82.4
377,81.45
378,83.05
379,101.15
380,99.5
381,100.4
382,88.5
383,97.6
384,86.8
385,82.4
386,83.0
387,87.4
388,91.65
389,107.8
390,100.05
391,73.75
392,82.35
393,90.5
394,97.8
395,109.2
396,119.7
397,112.35
398,108.9
399,111.0
400,104.2
401,108.65
402,108.15
403,118.35
404,118.7
405,95.3
406,79.05
407,80.05
408,79.95
409,64.2
410,91.55
411,89.3
412,82.15
413,70.1
414,69.35
415,69.65
416,70.95
417,76.2
418,84.2
419,63.35
420,77.15
421,99.85
422,101.65
423,95.45
424,93.55
425,96.2
426,98.45
427,82.95
428,94.3
429,86.45
430,87.25
431,107.9
432,92.25
433,86.75
434,95.0
435,95.95
436,92.05
437,82.9
438,84.45
439,87.0
440,79.55
441,75.4
442,74.25
443,77.85
444,90.6
445,110.45
446,103.5
447,105.5
448,103.65
449,104.25
450,103.05
451,109.15
452,92.2
453,73.8
454,71.65
455,79.4
456,83.7
457,75.55
458,89.05
459,95.3
460,94.4
461,91.3
462,94.85
463,88.7
464,74.3
465,67.2
466,66.95
467,62.0
468,68.15
469,62.75
470,62.65
471,67.85
472,94.3
473,93.1
474,85.25
475,83.15
476,81.0
477,68.0
478,76.95
479,68.45
480,74.5
481,71.95
482,75.5
483,78.35
484,85.35
485,75.75
486,79.35
487,78.15
488,86.0
489,84.35
490,84.65
491,87.8
492,77.55
493,83.8
494,87.65
495,76.8
496,75.05
497,67.55
498,79.65
499,83.85
500,82.4
501,78.5
502,82.4
503,83.05
504,87.2
505,93.85
506,95.9
507,81.95
508,81.85
509,68.3
510,76.5
511,71.6
512,69.2
513,75.9
514,92.55
515,84.3
516,77.2
517,93.2
518,91.8
519,91.15
520,87.0
521,84.0
522,83.65
523,91.15
524,96.5
525,91.2
526,96.75
527,89.1
528,82.55
529,87.75
530,91.25
531,86.25
532,79.1
533,77.85
534,69.8
535,63.55
536,68.95
537,69.5
538,84.7
539,82.65
540,67.5
541,67.3
542,69.4
543,63.0
544,70.4
545,77.1
546,86.35
547,88.85
548,86.9
549,88.0
550,91.15
551,81.5
552,79.95
553,75.65
554,74.6
555,74.75
556,80.6
557,73.15
558,87.0
559,83.5
560,80.6
561,82.9
562,84.6
563,80.05
564,85.45
565,70.3
566,65.95
567,79.75
568,77.45
569,64.95
570,72.05
571,88.65
572,90.0
573,102.1
574,102.6
575,97.25
576,101.0
577,99.75
578,106.2
579,107.05
580,108.1
581,107.95
582,100.2
583,99.2
584,94.8
585,112.6
586,102.2
587,109.35
588,121.15
589,113.5
590,117.35
591,112.05
592,115.25
593,118.1
594,111.85
595,122.3
596,107.35
597,113.25
598,108.85
599,108.3
600,100.7
601,114.1
602,99.15
603,110.45
604,110.0
605,83.15
606,66.95
607,75.7
608,72.6
609,76.85
610,79.35
611,83.4
612,87.6
613,115.4
614,118.05
615,121.5
616,92.7
617,75.6
618,80.2
619,87.35
620,86.35
621,106.3
622,119.35
623,135.55
624,136.3
625,130.45
626,125.05
627,99.95
628,79.75
629,79.2
630,84.75
631,107.6
632,111.85
633,86.3
634,85.4
635,129.5
636,119.3
637,116.75
638,104.05
639,128.0
640,127.3
641,125.35
642,131.2
643,127.9
644,123.75
645,88.8
646,86.35
647,93.45
648,101.25
649,118.05
650,130.95
651,108.2
652,95.7
653,90.35
654,82.6
655,86.35
656,103.65
657,112.85
658,98.3
659,85.8
660,87.3
661,93.45
662,86.8
663,87.25
664,82.15
665,86.95
666,90.25
667,92.75
668,116.8
669,124.5
670,108.3
671,123.35
672,100.65
673,91.9
674,88.75
675,99.1
676,122.5
677,102.15
678,76.8
679,75.8
680,83.45
681,94.6
682,99.2
683,101.95
684,92.5
685,88.35
686,81.45
687,85.95
688,112.55
689,111.5
690,112.1
691,118.65
692,126.6
693,131.1
694,115.65
695,110.4
696,95.0
697,78.85
698,88.85
699,83.4
700,95.5
701,88.1
702,86.55
703,84.4
704,98.35
705,113.4
706,113.6
707,110.55
708,104.65
709,99.75
710,114.45
711,94.2
712,91.85
713,75.7
714,81.25
715,86.4
716,103.25
717,108.0
718,111.65
719,100.4
720,110.05
721,113.45
722,118.4
723,106.55
724,110.2
725,110.9
726,117.15
727,120.85
728,119.6
729,124.15
730,116.8
731,113.2
732,93.85
733,81.4
734,105.05
735,110.3
736,97.8
737,104.6
738,95.5
739,90.95
740,96.75
741,91.05
742,88.8
743,102.2
744,106.9
745,115.55
746,115.65
747,113.8
748,105.55
749,116.0
750,113.9
751,110.05
752,124.0
753,118.25
754,104.2
755,97.6
756,106.45
757,102.75
758,110.6
759,107.9
760,107.4
761,110.2
762,106.35
763,118.9
764,99.05
765,98.3
766,108.3
767,108.95
768,116.55
769,111.4
770,114.2
771,109.9
772,104.15
773,99.4
774,113.7
775,100.55
776,112.45
777,112.25
778,110.7
779,110.55
780,113.55
781,116.85
782,98.2
783,92.65
784,101.65
785,114.4
786,116.8
787,109.4
788,111.25
789,105.4
790,113.3
791,108.65
792,112.9
793,110.9
794,116.8
795,122.3
796,110.65
797,111.3
798,111.1
799,118.45
800,110.9
801,106.0
802,114.75
803,104.7
804,104.75
805,97.0
806,110.7
807,107.6
808,103.55
809,107.55
810,102.85
811,98.05
812,103.5
813,99.9
814,97.3
815,96.7
816,94.9
817,94.6
818,90.45
819,96.6
820,90.5
821,92.95
822,82.6
823,86.0
824,85.9
825,89.05
826,80.15
827,81.6
828,76.75
829,79.0
830,81.45
831,69.7
832,70.45
833,71.9
834,77.2
835,78.2
836,69.2
837,69.45
838,68.9
839,66.75
840,57.25
841,62.95
842,64.55
843,61.15
844,54.9
845,50.1
846,48.5
847,50.75
848,44.25
849,44.1
850,33.05
851,34.15
852,34.2
853,35.5
854,37.15
855,33.05
856,28.65
857,27.35
858,24.9
859,24.25
860,20.55
861,16.2
862,14.55
863,11.65
864,10.4
865,11.3
866,7.65
867,6.2
868,5.45
869,3.7
870,2.0
871,1.2
872,-0.05
873,-1.1
874,-2.15
875,-2.95
876,-3.15
877,-3.65
878,-4.3
879,-4.95
880,-5.7
881,-6.55
882,-7.45
883,-8.15
884,-8.85
885,-9.2
886,-9.8
887,-10.5
888,-11.45
889,-12.2
890,-13.05
891,-14.0
892,-14.9
893,-15.8
894,-16.7
895,-17.45
896,-18.15
897,-18.95
898,-19.65
899,-20.3
900,-20.8
901,-21.25
902,-22.0
903,-22.85
904,-23.4
905,-24.1
906,-25.6
907,-25.8
908,-26.75
909,-26.95
910,-27.35
911,-27.0
912,-26.85
913,-27.5
914,-28.0
915,-29.1
916,-29.85
917,-30.35
918,-30.9
919,-31.45
920,-32.85
921,-35.0
922,-37.3
923,-38.1
924,-39.2
925,-40.25
926,-40.25
927,-39.45
928,-39.45
929,-39.9
930,-39.85
931,-38.7
932,-40.1
933,-39.5
934,-39.8
935,-39.15
936,-39.3
937,-38.55
938,-38.8
939,-38.7
940,-38.1
941,-37.45
942,-37.8
943,-37.6
944,-37.4
945,-37.25
946,-36.75
947,-36.4
948,-35.95
949,-35.65
950,-36.0
951,-36.6
952,-36.75
953,-36.1
954,-35.95
955,-37.1
956,-37.6
957,-37.25
958,-36.8
959,-36.35
960,-37.55
961,-37.65
962,-37.9
963,-37.95
964,-37.3
965,-37.3
966,-38.0
967,-38.65
968,-38.75
969,-39.1
970,-38.65
971,-39.0
972,-39.65
973,-39.8
974,-39.3
975,-40.1
976,-39.25
977,-38.75
978,-38.15
979,-37.9
980,-37.9
981,-38.3
982,-38.65
983,-38.25
984,-39.15
985,-39.7
986,-39.15
987,-38.85
988,-37.95
989,-38.2
990,-38.15
991,-37.7
992,-39.1
993,-39.25
994,-38.75
995,-38.05
996,-37.65
997,-37.9
998,-37.75
999,-38.4
1000,-39.05
1001,-39.25
1002,-38.95
1003,-37.4
1004,-37.85
1005,-37.9
1006,-37.65
1007,-38.1
1008,-38.1
1009,-37.9
1010,-37.65
1011,-38.8
1012,-40.45
1013,-40.85
1014,-40.6
1015,-39.7
1016,-39.25
1017,-40.45
1018,-41.2
1019,-41.0
1020,-41.05
1021,-40.3
1022,-40.0
1023,-39.9
1024,-40.35
1025,-41.05
1026,-40.4
1027,-40.3
1028,-39.5
1029,-39.55
1030,-40.7
1031,-41.9
1032,-41.65
1033,-40.85
1034,-40.6
1035,-39.95
1036,-40.65
1037,-40.2
1038,-41.2
1039,-41.5
1040,-41.9
1041,-40.9
1042,-40.45
1043,-40.5
1044,-39.5
1045,-38.5
1046,-38.0
1047,-38.0
1048,-39.05
1049,-40.2
1050,-39.6
1051,-38.35
1052,-37.45
1053,-36.65
1054,-36.8
1055,-37.65
1056,-37.7
1057,-38.2
1058,-37.8
1059,-36.3
1060,-36.25
1061,-36.65
1062,-37.3
1063,-37.55
1064,-36.8
1065,-36.75
1066,-36.8
1067,-36.95
1068,-36.6
1069,-36.65
1070,-37.6
1071,-37.5
1072,-36.6
1073,-36.5
1074,-37.5
1075,-38.25
1076,-38.4
1077,-39.05
1078,-38.8
1079,-38.95
1080,-38.35
1081,-38.45
1082,-39.35
1083,-39.05
1084,-38.7
1085,-38.45
1086,-39.55
1087,-40.85
1088,-41.05
1089,-40.15
1090,-39.5
1091,-39.9
1092,-39.85
1093,-38.75
1094,-38.9
1095,-39.2
1096,-41.1
1097,-42.45
1098,-42.05
1099,-41.65
1100,-41.05
1101,-40.45
1102,-40.2
1103,-40.6
1104,-41.25
1105,-41.4
1106,-41.5
1107,-41.55
1108,-40.55
1109,-40.2
1110,-40.65
1111,-40.85
1112,-41.55
1113,-41.6
1114,-41.55
1115,-41.3
1116,-41.2
1117,-41.7
1118,-41.95
1119,-42.35
1120,-42.4
1121,-42.7
1122,-42.7
1123,-42.6
1124,-42.35
1125,-42.2
1126,-43.2
1127,-42.75
1128,-43.2
1129,-43.05
1130,-41.8
1131,-42.15
1132,-43.4
1133,-43.3
1134,-42.85
1135,-42.45
1136,-41.4
1137,-41.55
1138,-41.35
1139,-41.5
1140,-42.25
1141,-42.35
1142,-41.9
1143,-42.0
1144,-41.8
1145,-41.35
1146,-41.45
1147,-41.4
1148,-41.0
1149,-43.05
1150,-43.3
1151,-42.15
1152,-41.45
1153,-42.35
1154,-42.8
1155,-43.25
1156,-43.25
1157,-43.55
1158,-43.0
1159,-43.65
1160,-44.05
1161,-43.9
1162,-43.0
1163,-43.2
1164,-43.05
1165,-43.95
1166,-43.25
1167,-42.95
1168,-43.4
1169,-42.25
1170,-42.0
1171,-43.5
1172,-42.9
1173,-43.35
1174,-44.3
1175,-44.35
1176,-43.75
1177,-43.3
1178,-43.55
1179,-44.25
1180,-44.25
1181,-45.1
1182,-44.9
1183,-44.8
1184,-46.4
1185,-46.35
1186,-45.7
1187,-44.9
1188,-44.25
1189,-43.45
1190,-44.65
1191,-44.9
1192,-44.95
1193,-45.45
1194,-44.95
1195,-45.1
1196,-44.6
1197,-46.05
1198,-46.35
1199,-45.45
1200,-44.4
1201,-45.3
1202,-45.7
1203,-46.5
1204,-46.5
1205,-46.7
1206,-45.9
1207,-45.25
1208,-47.25
1209,-47.85
1210,-47.15
1211,-47.95
1212,-48.0
1213,-47.85
1214,-48.45
1215,-48.65
1216,-48.2
1217,-49.45
1218,-50.75
1219,-48.95
1220,-47.95
1221,-48.75
1222,-48.85
1223,-49.45
1224,-47.65
1225,-46.2
1226,-49.1
1227,-48.8
1228,-48.05
1229,-46.4
1230,-47.3
1231,-47.0
1232,-48.4
1233,-47.8
1234,-48.0
1235,-47.25
1236,-46.5
1237,-47.3
1238,-46.9
1239,-46.85
1240,-47.35
1241,-46.95
1242,-46.9
1243,-46.95
1244,-47.3
1245,-47.7
1246,-47.25
1247,-46.9
1248,-46.3
1249,-46.8
1250,-46.3
1251,-46.2
1252,-46.65
1253,-46.75
1254,-46.9
1255,-46.2
1256,-45.6
1257,-46.4
1258,-46.45
1259,-45.75
1260,-45.05
1261,-44.7
1262,-45.65
1263,-45.5
1264,-45.3
1265,-46.1
1266,-45.15
1267,-45.55
1268,-46.3
1269,-46.15
1270,-45.65
1271,-45.4
1272,-46.35
1273,-46.0
1274,-47.2
1275,-47.7
1276,-47.55
1277,-47.7
1278,-47.15
1279,-46.8
1280,-48.15
1281,-48.35
1282,-47.75
1283,-47.15
1284,-47.65
1285,-46.5
1286,-46.4
1287,-49.25
1288,-51.05
1289,-50.4
1290,-49.9
1291,-49.45
1292,-49.4
1293,-49.1
1294,-52.0
1295,-52.45
1296,-51.5
1297,-50.9
1298,-51.6
1299,-53.15
1300,-53.15
1301,-54.85
1302,-53.55
1303,-51.65
1304,-52.05
1305,-55.0
1306,-54.95
1307,-54.2
1308,-53.25
1309,-52.4
1310,-53.4
1311,-53.4
1312,-53.65
1313,-53.75
1314,-53.4
1315,-52.3
1316,-54.65
1317,-55.35
1318,-56.3
1319,-56.05
1320,-55.3
1321,-54.0
1322,-52.65
1323,-52.4
1324,-54.0
1325,-54.7
1326,-53.15
1327,-52.0
1328,-50.5
1329,-49.65
1330,-52.05
1331,-53.0
1332,-53.05
1333,-53.0
1334,-51.95
1335,-51.55
1336,-51.15
1337,-51.85
1338,-51.6
1339,-51.05
1340,-50.35
1341,-49.4
1342,-50.8
1343,-52.15
1344,-53.45
1345,-53.0
1346,-51.35
1347,-50.15
1348,-50.4
1349,-51.45
1350,-51.6
1351,-50.6
1352,-49.15
1353,-49.75
1354,-52.3
1355,-51.95
1356,-50.5
1357,-49.4
1358,-50.0
1359,-49.9
1360,-50.25
1361,-48.7
1362,-47.6
1363,-47.8
1364,-48.6
1365,-48.1
1366,-48.6
1367,-47.4
1368,-47.8
1369,-47.9
1370,-46.6
1371,-46.2
1372,-45.05
1373,-44.3
1374,-44.45
1375,-44.8
1376,-43.55
1377,-41.5
1378,-40.95
1379,-41.25
1380,-40.4
1381,-38.7
1382,-38.5
1383,-37.15
1384,-35.55
1385,-34.15
1386,-33.95
1387,-33.5
1388,-32.3
1389,-32.05
1390,-32.0
1391,-29.85
1392,-28.5
1393,-27.0
1394,-25.6
1395,-24.05
1396,-22.75
1397,-21.2
1398,-19.6
1399,-17.9
1400,-16.4
1401,-14.3
1402,-12.3
1403,-10.4
1404,-8.55
1405,-6.95
1406,-5.0
1407,-3.3
1408,-1.65
1409,-0.2
1410,1.25
1411,2.6
1412,4.0
1413,5.4
1414,6.85
1415,8.1
1416,9.35
1417,10.5
1418,11.55
1419,12.4
1420,16.2
1421,21.25
1422,21.8
1423,27.75
1424,32.75
1425,31.35
1426,36.0
1427,37.1
1428,42.3
1429,44.75
1430,45.25
1431,45.6
1432,48.35
1433,55.45
1434,51.45
1435,58.55
1436,64.3
1437,62.3
1438,65.0
1439,69.2
1440,70.15
1441,70.35
1442,81.35
1443,78.9
1444,66.85
1445,89.05
1446,91.0
1447,88.9
1448,86.95
1449,92.25
1450,99.2
1451,99.95
1452,102.0
1453,102.45
1454,103.5
1455,108.85
1456,108.6
1457,111.4
1458,107.35
1459,106.65
1460,92.75
1461,109.45
1462,110.45
1463,115.3
1464,116.75
1465,112.45
1466,114.35
1467,110.05
1468,103.35
1469,99.5
1470,100.1
1471,100.15
1472,98.15
1473,99.85
1474,107.75
1475,118.8
1476,99.0
1477,92.4
1478,111.7
1479,118.25
1480,102.75
1481,113.3
1482,117.05
1483,111.25
1484,113.55
1485,119.15
1486,98.6
1487,109.75
1488,115.1
1489,105.4
1490,105.05
1491,109.45
1492,100.6
1493,105.85
1494,109.85
1495,115.05
1496,122.5
1497,111.3
1498,97.55
1499,106.7
1500,104.65
1501,111.5
1502,98.95
1503,98.6
1504,109.95
1505,103.4
1506,106.7
1507,94.85
1508,120.4
1509,123.1
1510,118.65
1511,102.6
1512,99.8
1513,121.7
1514,109.8
1515,116.35
1516,112.85
1517,110.35
1518,110.75
1519,109.1
1520,92.3
1521,100.95
1522,105.1
1523,100.3
1524,104.7
1525,114.95
1526,115.05
1527,110.45
1528,107.0
1529,116.25
1530,102.2
1531,104.3
1532,110.3
1533,117.3
1534,104.2
1535,114.95
1536,99.9
1537,111.7
1538,111.3
1539,116.15
1540,127.3
1541,120.9
1542,115.5
1543,115.1
1544,110.85
1545,120.15
1546,123.5
1547,123.05
1548,131.85
1549,111.1
1550,104.55
1551,106.6
1552,121.7
1553,120.3
1554,115.3
1555,113.3
1556,106.25
1557,111.95
1558,113.7
1559,117.9
1560,119.7
1561,113.65
1562,120.7
1563,116.55
1564,99.55
1565,113.85
1566,109.5
1567,110.1
1568,110.8
1569,124.95
1570,109.4
1571,104.3
1572,106.6
1573,111.95
1574,112.9
1575,115.3
1576,124.1
1577,98.5
1578,102.95
1579,110.15
1580,97.5
1581,112.95
1582,103.75
1583,103.85
1584,113.35
1585,113.7
1586,84.1
1587,104.2
1588,106.7
1589,99.35
1590,96.95
1591,103.0
1592,108.65
1593,111.6
1594,106.4
1595,109.85
1596,98.95
1597,96.3
1598,91.55
1599,96.0
1600,92.25
1601,97.65
1602,105.8
1603,111.35
1604,104.8
1605,103.75
1606,108.75
1607,102.4
1608,102.95
1609,105.5
1610,94.6
1611,104.55
1612,99.35
1613,103.55
1614,102.5
1615,106.0
1616,95.05
1617,105.65
1618,106.45
1619,95.0
1620,104.45
1621,115.25
1622,112.3
1623,104.75
1624,112.05
1625,108.2
1626,109.45
1627,110.25
1628,111.5
1629,118.9
1630,113.75
1631,117.5
1632,104.75
1633,123.95
1634,122.45
1635,122.85
1636,129.25
1637,108.5
1638,116.25
1639,127.1
1640,120.75
1641,98.15
1642,100.8
1643,115.2
1644,124.35
1645,115.1
1646,112.05
1647,103.95
1648,118.25
1649,117.05
1650,97.75
1651,113.65
1652,111.25
1653,103.8
1654,113.5
1655,119.95
1656,116.25
1657,111.6
1658,115.05
1659,117.05
1660,109.0
1661,106.05
1662,115.7
1663,117.55
1664,112.8
1665,106.55
1666,110.15
1667,113.8
1668,116.45
1669,110.2
1670,91.55
1671,116.6
1672,111.5
1673,103.7
1674,103.5
1675,111.05
1676,114.95
1677,124.45
1678,114.85
1679,116.85
1680,108.15
1681,110.4
1682,114.65
1683,116.85
1684,112.4
1685,105.55
1686,104.65
1687,116.8
1688,120.8
1689,104.75
1690,116.05
1691,119.3
1692,127.85
1693,129.1
1694,121.95
1695,114.9
1696,134.65
1697,129.55
1698,127.9
1699,129.4
1700,134.3
1701,123.6
1702,122.35
1703,118.4
1704,114.1
1705,113.1
1706,125.75
1707,126.8
1708,128.05
1709,116.9
1710,105.4
1711,116.7
1712,114.95
1713,124.75
1714,110.6
1715,108.3
1716,121.0
1717,121.45
1718,124.9
1719,111.8
1720,114.85
1721,121.4
1722,106.95
1723,110.75
1724,114.9
1725,118.0
1726,109.25
1727,106.1
1728,112.55
1729,109.65
1730,119.45
1731,130.2
1732,119.65
1733,110.15
1734,118.45
1735,121.25
1736,112.7
1737,100.5
1738,102.25
1739,113.85
1740,119.65
1741,114.55
1742,114.0
1743,116.25
1744,125.35
1745,117.25
1746,114.8
1747,112.25
1748,108.4
1749,111.0
1750,112.5
1751,97.9
1752,115.05
1753,119.2
1754,113.8
1755,111.95
1756,116.25
1757,125.1
1758,112.4
1759,104.8
1760,110.55
1761,116.45
1762,119.15
1763,101.85
1764,105.05
1765,113.8
1766,107.95
1767,106.75
1768,110.5
1769,114.35
1770,115.75
1771,108.1
1772,105.6
1773,102.3
1774,116.75
1775,103.05
1776,116.7
1777,114.85
1778,102.45
1779,101.95
1780,107.85
1781,119.6
1782,111.8
1783,106.9
1784,100.5
1785,110.05
1786,112.45
1787,102.15
1788,100.25
1789,112.3
1790,101.3
1791,98.55
1792,94.1
1793,94.35
1794,101.3
1795,93.55
1796,102.55
1797,115.2
1798,112.3
1799,110.95
1800,112.05
1801,100.2
1802,101.0
1803,98.9
1804,99.45
1805,104.95
1806,97.95
1807,105.15
1808,102.0
1809,105.0
1810,101.05
1811,108.05
1812,112.7
1813,107.9
1814,100.45
1815,101.05
1816,109.3
1817,100.7
1818,101.85
1819,100.05
1820,112.9
1821,107.1
1822,93.25
1823,100.45
1824,107.7
1825,92.65
1826,95.1
1827,107.35
1828,94.0
1829,97.25
1830,97.6
1831,93.25
1832,108.25
1833,95.15
1834,96.5
1835,94.65
1836,97.2
1837,95.4
1838,87.85
1839,94.65
1840,78.0
1841,90.8
1842,96.35
1843,104.85
1844,87.15
1845,91.55
1846,91.45
1847,95.9
1848,86.55
1849,82.4
1850,92.1
1851,90.35
1852,104.35
1853,90.5
1854,87.2
1855,109.7
1856,106.15
1857,91.75
1858,80.2
1859,98.7
1860,99.55
1861,95.2
1862,86.4
1863,86.8
1864,100.25
1865,94.25
1866,93.65
1867,91.0
1868,97.65
1869,81.1
1870,78.15
1871,90.75
1872,83.1
1873,85.25
1874,82.9
1875,86.75
1876,84.15
1877,84.2
1878,81.35
1879,90.15
1880,91.95
1881,87.3
1882,84.7
1883,86.75
1884,83.3
1885,83.5
1886,94.95
1887,87.45
1888,79.3
1889,73.05
1890,75.95
1891,76.7
1892,75.8
1893,67.15
1894,72.55
1895,80.35
1896,74.4
1897,76.6
1898,65.35
1899,71.7
1900,72.65
1901,64.15
1902,66.05
1903,73.65
1904,58.6
1905,62.6
1906,66.3
1907,65.8
1908,65.05
1909,62.4
1910,53.9
1911,54.6
1912,57.55
1913,56.3
1914,50.55
1915,57.2
1916,63.45
1917,60.9
1918,59.7
1919,47.2
1920,44.45
1921,48.4
1922,54.8
1923,53.05
1924,72.25
1925,65.65
1926,56.65
1927,55.45
1928,56.0
1929,51.35
1930,55.1
1931,58.95
1932,58.9
1933,46.4
1934,43.55
1935,44.3
1936,52.2
1937,54.7
1938,50.4
1939,44.0
1940,35.35
1941,45.55
1942,46.55
1943,42.65
1944,45.45
1945,41.6
1946,33.55
1947,35.8
1948,36.85
1949,35.5
1950,32.4
1951,37.2
1952,37.15
1953,32.8
1954,27.55
1955,31.7
1956,30.3
1957,28.05
1958,22.65
1959,25.3
1960,23.35
1961,19.05
1962,18.4
1963,13.4
1964,11.25
1965,11.3
1966,12.4
1967,10.3
1968,7.2
1969,3.85
1970,2.2
1971,1.15
1972,0.95
1973,0.45
1974,-0.85
1975,-2.0
1976,-2.9
1977,-3.5
1978,-4.15
1979,-4.85
1980,-5.4
1981,-6.0
1982,-6.6
1983,-7.4
1984,-8.55
1985,-9.45
1986,-10.2
1987,-11.05
1988,-11.8
1989,-12.6
1990,-13.45
1991,-14.1
1992,-14.95
1993,-15.65
1994,-16.45
1995,-17.3
1996,-17.95
1997,-18.55
1998,-19.3
1999,-20.15
2000,-20.6
2001,-21.35
2002,-22.15
2003,-23.1
2004,-23.55
2005,-24.25
2006,-24.5
2007,-24.9
2008,-25.15
2009,-24.85
2010,-24.65
2011,-24.65
2012,-24.9
2013,-25.25
2014,-25.5
2015,-25.65
2016,-25.55
2017,-26.0
2018,-26.1
2019,-25.95
2020,-25.85
2021,-26.0
2022,-26.4
2023,-27.1
2024,-27.75
2025,-28.25
2026,-28.5
2027,-28.5
2028,-29.35
2029,-30.4
2030,-30.95
2031,-31.3
2032,-31.7
2033,-32.1
2034,-31.9
2035,-32.7
2036,-32.55
2037,-33.2
2038,-32.25
2039,-32.4
2040,-32.65
2041,-32.95
2042,-33.2
2043,-32.7
2044,-32.55
2045,-32.7
2046,-33.3
2047,-32.85
2048,-32.5
2049,-32.7
2050,-32.75
2051,-33.05
2052,-32.8
2053,-32.65
2054,-33.1
2055,-33.5
2056,-34.15
2057,-34.95
2058,-35.05
2059,-34.85
2060,-34.45
2061,-34.7
2062,-34.35
2063,-35.05
2064,-35.4
2065,-35.25
2066,-35.2
2067,-35.35
2068,-35.7
2069,-36.15
2070,-37.0
2071,-37.6
2072,-37.9
2073,-38.15
2074,-39.1
2075,-39.15
2076,-39.6
2077,-39.8
2078,-39.75
2079,-39.75
2080,-39.75
2081,-39.7
2082,-39.85
2083,-39.8
2084,-39.15
2085,-37.8
2086,-38.15
2087,-38.65
2088,-39.05
2089,-39.05
2090,-38.85
2091,-38.45
2092,-38.3
2093,-38.65
2094,-38.75
2095,-39.15
2096,-40.1
2097,-40.85
2098,-41.35
2099,-40.0
2100,-40.15
2101,-40.85
2102,-41.4
2103,-41.6
2104,-41.95
2105,-41.5
2106,-40.15
2107,-40.5
2108,-40.9
2109,-42.65
2110,-41.4
2111,-40.7
2112,-41.55
2113,-41.9
2114,-41.85
2115,-40.45
2116,-41.25
2117,-41.0
2118,-40.6
2119,-42.4
2120,-41.75
2121,-40.95
2122,-40.9
2123,-41.25
2124,-40.0
2125,-39.2
2126,-40.15
2127,-40.15
2128,-39.45
2129,-38.8
2130,-37.7
2131,-37.4
2132,-37.85
2133,-38.15
2134,-39.0
2135,-38.95
2136,-38.55
2137,-38.1
2138,-38.15
2139,-38.2
2140,-38.6
2141,-38.8
2142,-39.15
2143,-39.25
2144,-38.5
2145,-38.0
2146,-37.45
2147,-36.3
2148,-36.8
2149,-36.4
2150,-36.95
2151,-38.0
2152,-38.35
2153,-38.0
2154,-38.4
2155,-38.4
2156,-37.9
2157,-36.75
2158,-36.1
2159,-36.25
2160,-36.25
2161,-37.1
2162,-38.2
2163,-39.0
2164,-38.65
2165,-39.3
2166,-38.85
2167,-37.75
2168,-37.7
2169,-38.4
2170,-38.2
2171,-38.4
2172,-38.45
2173,-38.7
2174,-37.7
2175,-37.05
2176,-36.55
2177,-37.6
2178,-38.05
2179,-38.5
2180,-38.25
2181,-37.6
2182,-37.2
2183,-38.4
2184,-39.25
2185,-39.1
2186,-39.2
2187,-37.75
2188,-35.8
2189,-35.3
2190,-37.0
2191,-38.05
2192,-38.4
2193,-37.7
2194,-37.85
2195,-38.05
2196,-37.45
2197,-37.9
2198,-37.35
2199,-37.8
2200,-37.8
2201,-38.45
2202,-38.4
2203,-36.9
2204,-37.55
2205,-38.15
2206,-38.1
2207,-36.5
2208,-35.3
2209,-34.45
2210,-35.55
2211,-36.35
2212,-36.45
2213,-36.05
2214,-36.85
2215,-36.2
2216,-35.25
2217,-34.35
2218,-34.25
2219,-35.75
2220,-36.25
2221,-36.0
2222,-36.45
2223,-36.15
2224,-36.3
2225,-36.35
2226,-36.4
2227,-36.5
2228,-36.45
2229,-36.95
2230,-37.25
2231,-36.9
2232,-37.85
2233,-37.25
2234,-36.6
2235,-36.45
2236,-37.4
2237,-37.85
2238,-36.8
2239,-37.35
2240,-38.2
2241,-38.75
2242,-39.0
2243,-38.95
2244,-38.1
2245,-37.5
2246,-38.05
2247,-38.5
2248,-39.15
2249,-39.15
2250,-39.95
2251,-40.2
2252,-40.65
2253,-41.2
2254,-42.6
2255,-41.75
2256,-41.85
2257,-43.4
2258,-43.1
2259,-43.15
2260,-43.75
2261,-44.25
2262,-43.85
2263,-44.9
2264,-44.75
2265,-45.75
2266,-45.7
2267,-45.0
2268,-44.95
2269,-44.7
2270,-44.4
2271,-45.7
2272,-46.35
2273,-45.25
2274,-44.35
2275,-45.35
2276,-45.95
2277,-46.5
2278,-45.6
2279,-45.2
2280,-45.55
2281,-44.85
2282,-44.7
2283,-44.3
2284,-44.75
2285,-45.4
2286,-44.85
2287,-43.65
2288,-44.9
2289,-43.55
2290,-44.45
2291,-43.9
2292,-44.4
2293,-42.95
2294,-43.15
2295,-43.15
2296,-43.65
2297,-42.7
2298,-43.4
2299,-43.05
2300,-42.55
2301,-42.25
2302,-43.05
2303,-42.95
2304,-44.45
2305,-43.15
2306,-43.0
2307,-43.75
2308,-44.6
2309,-43.2
2310,-44.35
2311,-44.15
2312,-44.75
2313,-44.5
2314,-44.35
2315,-44.2
2316,-44.15
2317,-44.15
2318,-44.25
2319,-44.55
2320,-43.5
2321,-43.0
2322,-43.25
2323,-41.85
2324,-42.6
2325,-42.85
2326,-42.75
2327,-42.3
2328,-42.35
2329,-41.1
2330,-39.65
2331,-38.85
2332,-38.05
2333,-37.15
2334,-37.25
2335,-37.8
2336,-38.8
2337,-39.15
2338,-38.65
2339,-38.4
2340,-37.7
2341,-36.85
2342,-36.75
2343,-37.15
2344,-37.1
2345,-37.15
2346,-37.75
2347,-37.75
2348,-37.65
2349,-38.15
2350,-38.95
2351,-38.05
2352,-37.85
2353,-39.1
2354,-39.05
2355,-38.05
2356,-38.8
2357,-39.5
2358,-39.0
2359,-39.0
2360,-39.5
2361,-40.1
2362,-39.65
2363,-39.4
2364,-38.3
2365,-37.85
2366,-37.4
2367,-37.45
2368,-38.35
2369,-38.25
2370,-38.45
2371,-38.3
2372,-38.0
2373,-37.6
2374,-37.35
2375,-36.75
2376,-36.7
2377,-37.15
2378,-38.0
2379,-38.55
2380,-38.05
2381,-38.55
2382,-38.95
2383,-38.7
2384,-38.55
2385,-37.85
2386,-37.0
2387,-36.9
2388,-37.45
2389,-38.4
2390,-38.2
2391,-38.4
2392,-38.9
2393,-37.9
2394,-37.6
2395,-39.05
2396,-40.5
2397,-40.95
2398,-41.15
2399,-40.35
2400,-38.9
2401,-39.05
2402,-40.95
2403,-41.5
2404,-41.65
2405,-40.35
2406,-39.3
2407,-38.85
2408,-39.05
2409,-40.2
2410,-39.9
2411,-39.0
2412,-37.6
2413,-37.05
2414,-37.6
2415,-38.85
2416,-37.95
2417,-37.9
2418,-38.4
2419,-37.9
2420,-37.4
2421,-37.75
2422,-37.95
2423,-37.3
2424,-37.4
2425,-37.05
2426,-36.2
2427,-36.1
2428,-36.55
2429,-36.8
2430,-36.55
2431,-37.0
2432,-36.3
2433,-37.1
2434,-36.75
2435,-35.65
2436,-35.25
2437,-35.8
2438,-36.1
2439,-35.75
2440,-35.8
2441,-35.1
2442,-34.95
2443,-35.05
2444,-35.3
2445,-36.35
2446,-36.85
2447,-36.85
2448,-36.3
2449,-36.25
2450,-37.15
2451,-38.2
2452,-37.7
2453,-38.0
2454,-38.6
2455,-37.65
2456,-37.75
2457,-37.55
2458,-37.4
2459,-39.3
2460,-41.1
2461,-41.8
2462,-41.8
2463,-42.35
2464,-43.65
2465,-44.45
2466,-45.55
2467,-46.35
2468,-47.4
2469,-47.8
2470,-47.8
2471,-47.45
2472,-48.6
2473,-50.75
2474,-50.25
2475,-50.3
2476,-49.8
2477,-49.05
2478,-50.5
2479,-50.2
2480,-50.45
2481,-48.2
2482,-46.85
2483,-46.65
2484,-46.3
2485,-45.4
2486,-44.55
2487,-44.9
2488,-44.45
2489,-42.4
2490,-41.35
2491,-40.0
2492,-40.45
2493,-40.35
2494,-39.2
2495,-37.8
2496,-37.6
2497,-37.2
2498,-37.5
2499,-36.4
2500,-35.45
2501,-35.2
2502,-34.5
2503,-33.75
2504,-32.7
2505,-31.35
2506,-30.7
2507,-29.15
2508,-28.45
2509,-27.75
2510,-26.5
2511,-24.3
2512,-23.0
2513,-21.4
2514,-19.7
2515,-18.0
2516,-16.35
2517,-14.3
2518,-12.35
2519,-10.25
2520,-8.45
2521,-6.35
2522,-3.9
2523,-1.65
2524,0.45
2525,2.1
2526,4.35
2527,6.55
2528,8.3
2529,10.25
2530,12.35
2531,14.2
2532,15.55
2533,18.2
2534,29.2
2535,36.3
2536,34.5
2537,37.7
2538,46.3
2539,61.9
2540,63.5
2541,60.55
2542,55.35
2543,53.2
2544,62.65
2545,65.95
2546,66.75
2547,82.9
2548,74.6
2549,93.4
2550,92.8
2551,87.8
2552,77.75
2553,79.8
2554,96.55
2555,83.8
2556,103.95
2557,112.9
2558,111.7
2559,133.05
2560,139.6
2561,117.45
2562,121.55
2563,132.4
2564,129.9
2565,129.6
2566,142.3
2567,122.4
2568,126.0
2569,144.65
2570,144.05
2571,127.95
2572,131.4
2573,136.4
2574,141.55
2575,143.3
2576,130.55
2577,136.0
2578,129.55
2579,135.85
2580,142.0
2581,151.8
2582,134.35
2583,127.35
2584,136.7
2585,147.45
2586,128.5
2587,132.8
2588,139.45
2589,144.95
2590,130.0
2591,121.05
2592,121.7
2593,129.9
2594,118.4
2595,115.05
2596,121.25
2597,122.5
2598,142.2
2599,152.9
2600,142.5
2601,126.25
2602,119.45
2603,112.65
2604,100.0
2605,115.0
2606,113.5
2607,105.6
2608,127.75
2609,124.4
2610,134.45
2611,124.75
2612,118.3
2613,115.25
2614,116.4
2615,119.9
2616,113.9
2617,132.7
2618,121.5
2619,122.35
2620,103.65
2621,108.6
2622,98.4
2623,119.4
2624,115.15
2625,112.9
2626,98.95
2627,115.15
2628,114.65
2629,102.85
2630,95.85
2631,108.95
2632,104.45
2633,112.95
2634,100.85
2635,101.3
2636,108.2
2637,118.4
2638,116.65
2639,123.55
2640,123.1
2641,105.25
2642,98.0
2643,87.7
2644,108.8
2645,119.45
2646,99.65
2647,94.7
2648,120.6
2649,109.55
2650,104.1
2651,111.0
2652,107.45
2653,101.35
2654,101.65
2655,112.5
2656,105.35
2657,83.5
2658,93.95
2659,92.15
2660,90.45
2661,114.8
2662,106.9
2663,124.6
2664,106.85
2665,105.75
2666,102.8
2667,105.4
2668,115.55
2669,109.85
2670,98.85
2671,92.8
2672,101.65
2673,99.7
2674,92.15
2675,90.2
2676,101.8
2677,105.15
2678,91.5
2679,111.35
2680,115.4
2681,106.6
2682,93.25
2683,116.2
2684,116.3
2685,106.85
2686,100.5
2687,103.2
2688,108.45
2689,109.9
2690,91.95
2691,96.65
2692,107.2
2693,94.45
2694,95.05
2695,113.6
2696,124.15
2697,104.95
2698,102.7
2699,109.55
2700,115.2
2701,112.3
2702,95.3
2703,104.4
2704,110.15
2705,114.1
2706,106.55
2707,110.2
2708,105.35
2709,106.35
2710,103.65
2711,102.4
2712,103.8
2713,104.6
2714,100.5
2715,78.7
2716,91.6
2717,116.15
2718,95.1
2719,87.75
2720,110.2
2721,106.8
2722,96.65
2723,99.0
2724,109.0
2725,108.8
2726,89.5
2727,82.05
2728,117.05
2729,110.1
2730,103.85
2731,110.1
2732,85.75
2733,111.05
2734,112.1
2735,96.05
2736,116.25
2737,118.55
2738,111.4
2739,120.7
2740,101.65
2741,116.7
2742,127.05
2743,121.35
2744,113.75
2745,126.05
2746,131.3
2747,122.05
2748,130.9
2749,127.85
2750,126.5
2751,122.5
2752,111.95
2753,97.2
2754,104.7
2755,113.7
2756,128.75
2757,105.55
2758,103.7
2759,107.95
2760,112.9
2761,120.9
2762,113.5
2763,120.6
2764,120.95
2765,120.0
2766,105.05
2767,110.6
2768,118.05
2769,120.15
2770,123.65
2771,101.85
2772,122.1
2773,130.5
2774,125.05
2775,104.25
2776,103.95
2777,120.25
2778,116.1
2779,111.3
2780,114.95
2781,109.85
2782,105.85
2783,114.45
2784,114.75
2785,92.65
2786,118.4
2787,133.6
2788,108.75
2789,109.0
2790,114.0
2791,109.1
2792,122.2
2793,109.75
2794,94.0
2795,106.35
2796,114.35
2797,97.5
2798,98.15
2799,117.75
2800,119.45
2801,120.35
2802,104.25
2803,103.9
2804,109.35
2805,109.0
2806,119.3
2807,99.55
2808,114.4
2809,137.4
2810,120.05
2811,113.5
2812,107.6
2813,103.2
2814,112.05
2815,107.65
2816,116.75
2817,121.6
2818,96.9
2819,120.55
2820,121.95
2821,134.8
2822,127.6
2823,123.7
2824,119.25
2825,111.7
2826,120.4
2827,114.8
2828,110.35
2829,110.8
2830,126.75
2831,119.75
2832,110.4
2833,112.8
2834,122.95
2835,127.7
2836,129.5
2837,119.0
2838,126.1
2839,128.05
2840,119.2
2841,112.0
2842,117.3
2843,103.9
2844,114.85
2845,113.6
2846,109.25
2847,114.5
2848,106.95
2849,117.5
2850,112.15
2851,105.0
2852,117.05
2853,119.6
2854,106.35
2855,110.3
2856,108.65
2857,104.6
2858,106.2
2859,116.8
2860,117.55
2861,119.85
2862,105.35
2863,108.75
2864,105.6
2865,106.55
2866,112.7
2867,121.9
2868,99.35
2869,109.95
2870,110.75
2871,107.35
2872,101.35
2873,118.0
2874,119.1
2875,119.45
2876,113.55
2877,105.25
2878,106.6
2879,109.65
2880,96.65
2881,103.85
2882,114.2
2883,104.1
2884,105.0
2885,112.6
2886,120.3
2887,117.7
2888,112.2
2889,103.7
2890,106.4
2891,100.45
2892,92.95
2893,105.2
2894,111.05
2895,101.05
2896,104.5
2897,93.8
2898,96.3
2899,103.95
2900,101.6
2901,97.5
2902,101.35
2903,98.0
2904,91.25
2905,96.5
2906,80.1
2907,97.35
2908,83.25
2909,88.95
2910,94.3
2911,94.8
2912,92.45
2913,73.7
2914,77.2
2915,84.1
2916,85.8
2917,88.55
2918,94.45
2919,82.55
2920,82.4
2921,85.65
2922,85.3
2923,86.55
2924,75.5
2925,89.15
2926,76.0
2927,83.05
2928,91.1
2929,82.55
2930,79.75
2931,73.85
2932,85.35
2933,88.95
2934,84.1
2935,76.2
2936,81.7
2937,83.45
2938,85.45
2939,87.55
2940,87.45
2941,94.2
2942,82.5
2943,81.35
2944,85.4
2945,80.15
2946,82.6
2947,83.1
2948,89.55
2949,89.45
2950,78.7
2951,72.65
2952,82.5
2953,79.15
2954,77.6
2955,74.3
2956,73.55
2957,69.15
2958,72.55
2959,72.2
2960,81.05
2961,74.2
2962,68.8
2963,69.25
2964,74.2
2965,78.4
2966,73.45
2967,63.05
2968,55.9
2969,63.6
2970,62.2
2971,50.8
2972,57.1
2973,58.3
2974,59.7
2975,51.7
2976,47.6
2977,44.65
2978,49.25
2979,43.15
2980,39.8
2981,42.35
2982,39.1
2983,44.0
2984,49.2
2985,39.45
2986,35.8
2987,40.0
2988,42.65
2989,41.3
2990,31.15
2991,31.7
2992,29.95
2993,27.4
2994,26.45
2995,29.0
2996,36.35
2997,29.2
2998,24.75
2999,20.0
3000,19.15
3001,18.35
3002,19.0
3003,18.45
3004,22.1
3005,18.9
3006,14.1
3007,11.65
3008,10.85
3009,7.5
3010,6.9
3011,6.8
3012,5.85
3013,4.8
3014,2.45
3015,0.45
3016,-0.9
3017,-1.65
3018,-2.65
3019,-3.55
3020,-4.25
3021,-5.05
3022,-5.95
3023,-6.95
3024,-7.85
3025,-8.75
3026,-9.7
3027,-10.8
3028,-12.0
3029,-13.1
3030,-14.25
3031,-15.35
3032,-16.35
3033,-17.5
3034,-18.7
3035,-20.0
3036,-21.35
3037,-22.25
3038,-23.55
3039,-24.95
3040,-25.9
3041,-27.2
3042,-28.4
3043,-29.4
3044,-30.45
3045,-31.9
3046,-33.4
3047,-34.4
3048,-35.55
3049,-37.1
3050,-38.25
3051,-40.05
3052,-40.95
3053,-41.75
3054,-42.4
3055,-42.5
3056,-42.95
3057,-43.1
3058,-43.55
3059,-42.7
3060,-43.2
3061,-44.45
3062,-45.5
3063,-45.7
3064,-45.25
3065,-46.9
3066,-46.75
3067,-46.05
3068,-47.4
3069,-47.45
3070,-46.25
3071,-49.4
3072,-50.0
3073,-49.8
3074,-50.85
3075,-50.7
3076,-51.15
3077,-51.55
3078,-52.8
3079,-53.6
3080,-52.3
3081,-50.9
3082,-51.3
3083,-51.2
3084,-50.2
3085,-48.4
3086,-49.75
3087,-49.05
3088,-49.15
3089,-46.55
3090,-47.5
3091,-49.25
3092,-49.75
3093,-49.4
3094,-49.55
3095,-49.85
3096,-50.2
3097,-50.4
3098,-52.75
3099,-53.05
3100,-52.2
3101,-51.8
3102,-52.5
3103,-53.25
3104,-52.3
3105,-51.3
3106,-51.05
3107,-51.8
3108,-52.5
3109,-52.2
3110,-50.95
3111,-50.9
3112,-52.45
3113,-51.25
3114,-51.15
3115,-49.45
3116,-47.2
3117,-49.05
3118,-50.2
3119,-49.15
3120,-50.35
3121,-51.7
3122,-50.6
3123,-51.25
3124,-51.7
3125,-51.0
3126,-50.75
3127,-52.15
3128,-53.05
3129,-53.2
3130,-53.75
3131,-53.25
3132,-55.0
3133,-54.25
3134,-53.0
3135,-53.45
3136,-52.25
3137,-52.7
3138,-52.7
3139,-51.8
3140,-51.05
3141,-51.05
3142,-50.1
3143,-48.55
3144,-49.4
3145,-49.75
3146,-49.7
3147,-48.8
3148,-50.45
3149,-49.65
3150,-49.45
3151,-47.85
3152,-47.75
3153,-46.8
3154,-48.8
3155,-49.0
3156,-48.0
3157,-49.3
3158,-47.75
3159,-45.8
3160,-45.55
3161,-46.85
3162,-48.1
3163,-47.75
3164,-46.8
3165,-48.75
3166,-49.35
3167,-48.85
3168,-48.25
3169,-47.95
3170,-47.4
3171,-45.7
3172,-45.9
3173,-47.25
3174,-47.75
3175,-46.65
3176,-46.15
3177,-44.7
3178,-45.9
3179,-45.95
3180,-48.05
3181,-48.0
3182,-47.2
3183,-47.15
3184,-46.25
3185,-46.05
3186,-47.65
3187,-47.55
3188,-48.35
3189,-47.8
3190,-47.55
3191,-47.5
3192,-48.35
3193,-48.3
3194,-48.05
3195,-47.3
3196,-47.15
3197,-48.85
3198,-47.85
3199,-48.25
3200,-47.7
3201,-46.5
3202,-47.35
3203,-47.95
3204,-47.95
3205,-47.5
3206,-45.75
3207,-46.7
3208,-46.8
3209,-46.1
3210,-46.2
3211,-45.45
3212,-45.55
3213,-45.15
3214,-45.4
3215,-45.3
3216,-44.05
3217,-44.9
3218,-45.7
3219,-43.85
3220,-43.7
3221,-45.45
3222,-45.0
3223,-43.45
3224,-43.15
3225,-44.4
3226,-44.05
3227,-43.3
3228,-43.8
3229,-43.9
3230,-43.1
3231,-44.3
3232,-44.25
3233,-44.4
3234,-44.1
3235,-43.4
3236,-42.5
3237,-43.05
3238,-43.45
3239,-44.95
3240,-44.5
3241,-44.25
3242,-43.95
3243,-44.6
3244,-44.95
3245,-45.15
3246,-45.9
3247,-46.1
3248,-46.8
3249,-46.05
3250,-46.05
3251,-46.05
3252,-45.55
3253,-46.05
3254,-45.75
3255,-44.2
3256,-44.9
3257,-46.35
3258,-47.1
3259,-45.75
3260,-46.4
3261,-46.85
3262,-46.05
3263,-44.95
3264,-45.85
3265,-45.9
3266,-45.85
3267,-46.7
3268,-46.9
3269,-46.55
3270,-45.1
3271,-45.55
3272,-45.15
3273,-44.85
3274,-44.35
3275,-45.0
3276,-44.95
3277,-44.95
3278,-45.5
3279,-43.45
3280,-44.05
3281,-44.25
3282,-43.75
3283,-42.5
3284,-41.95
3285,-42.95
3286,-42.2
3287,-41.25
3288,-41.9
3289,-43.45
3290,-43.5
3291,-42.05
3292,-41.4
3293,-40.85
3294,-40.7
3295,-40.35
3296,-40.95
3297,-41.25
3298,-41.1
3299,-40.2
3300,-39.65
3301,-39.1
3302,-38.4
3303,-39.6
3304,-39.3
3305,-38.5
3306,-37.95
3307,-38.65
3308,-37.65
3309,-38.6
3310,-38.5
3311,-37.85
3312,-37.5
3313,-37.45
3314,-37.8
3315,-37.3
3316,-37.35
3317,-38.15
3318,-38.2
3319,-37.55
3320,-37.85
3321,-38.65
3322,-38.2
3323,-36.9
3324,-36.95
3325,-36.4
3326,-37.5
3327,-36.8
3328,-36.05
3329,-36.55
3330,-36.0
3331,-34.85
3332,-34.85
3333,-35.15
3334,-34.9
3335,-34.1
3336,-34.05
3337,-33.6
3338,-32.65
3339,-32.55
3340,-32.95
3341,-33.0
3342,-32.55
3343,-31.6
3344,-31.45
3345,-31.4
3346,-30.95
3347,-31.4
3348,-31.3
3349,-30.15
3350,-29.8
3351,-30.15
3352,-30.1
3353,-29.2
3354,-28.7
3355,-29.35
3356,-28.85
3357,-28.65
3358,-27.95
3359,-27.8
3360,-27.35
3361,-27.65
3362,-27.3
3363,-26.75
3364,-27.15
3365,-26.8
3366,-26.3
3367,-26.0
3368,-26.05
3369,-26.7
3370,-26.55
3371,-26.2
3372,-25.55
3373,-26.3
3374,-26.1
3375,-25.55
3376,-25.1
3377,-25.2
3378,-25.5
3379,-25.3
3380,-25.2
3381,-25.1
3382,-24.9
3383,-24.75
3384,-24.65
3385,-24.05
3386,-23.5
3387,-22.95
3388,-22.8
3389,-22.4
3390,-22.0
3391,-21.75
3392,-22.55
3393,-23.1
3394,-24.0
3395,-24.55
3396,-25.8
3397,-26.15
3398,-27.3
3399,-28.05
3400,-28.3
3401,-28.85
3402,-29.95
3403,-29.95
3404,-29.7
3405,-29.65
3406,-30.15
3407,-30.05
3408,-29.8
3409,-29.25
3410,-29.5
3411,-29.55
3412,-30.6
3413,-30.3
3414,-29.95
3415,-29.45
3416,-29.95
3417,-30.05
3418,-29.5
3419,-29.05
3420,-29.1
3421,-28.5
3422,-28.1
3423,-27.75
3424,-27.55
3425,-27.4
3426,-27.35
3427,-26.85
3428,-26.35
3429,-25.8
3430,-26.4
3431,-25.75
3432,-25.15
3433,-24.4
3434,-24.1
3435,-24.45
3436,-24.55
3437,-23.7
3438,-23.4
3439,-23.15
3440,-23.55
3441,-23.8
3442,-23.45
3443,-23.35
3444,-23.2
3445,-22.95
3446,-22.7
3447,-22.25
3448,-21.25
3449,-21.0
3450,-20.65
3451,-20.55
3452,-19.9
3453,-19.0
3454,-18.15
3455,-17.35
3456,-16.45
3457,-15.9
3458,-15.1
3459,-14.35
3460,-13.2
3461,-12.1
3462,-11.1
3463,-9.55
3464,-8.2
3465,-6.95
3466,-5.7
3467,-4.4
3468,-3.1
3469,-1.85
3470,-0.85
3471,0.2
3472,1.05
3473,1.85
3474,2.75
3475,3.4
3476,3.8
3477,4.25
3478,4.6
3479,4.75
3480,4.8
3481,4.7
3482,4.6
3483,4.3
3484,3.85
3485,3.7
3486,3.8
3487,3.4
3488,2.05
3489,1.85
3490,1.9
3491,1.4
3492,0.65
3493,0.0
3494,-0.5
3495,-0.95
3496,-1.45
3497,-1.95
3498,-2.2
3499,-2.4
3500,-2.55
3501,-2.6
3502,-2.5
3503,-2.3
3504,-2.1
3505,-1.85
3506,-1.65
3507,-1.55
3508,-1.4
3509,-1.15
3510,-0.9
3511,-0.7
3512,-0.45
3513,-0.1
3514,0.2
3515,0.5
3516,0.95
3517,1.4
3518,1.8
3519,2.35
3520,2.9
3521,3.35
3522,3.9
3523,4.55
3524,5.15
3525,5.65
3526,6.3
3527,8.45
3528,12.7
3529,13.5
3530,15.7
3531,18.8
3532,22.35
3533,22.5
3534,27.9
3535,44.0
3536,49.1
3537,49.7
3538,45.8
3539,45.3
3540,51.95
3541,57.7
3542,58.45
3543,67.5
3544,72.95
3545,78.3
3546,79.35
3547,81.2
3548,83.95
3549,93.05
3550,92.25
3551,90.05
3552,102.3
3553,108.85
3554,118.35
3555,115.1
3556,107.75
3557,92.7
3558,115.0
3559,134.4
3560,124.85
3561,126.75
3562,115.5
3563,111.3
3564,128.25
3565,117.45
3566,126.05
3567,159.7
3568,148.3
3569,128.35
3570,139.3
3571,131.7
3572,130.7
3573,119.6
3574,125.8
3575,128.65
3576,125.7
3577,123.55
3578,133.5
3579,122.0
3580,122.6
3581,127.05
3582,112.7
3583,122.85
3584,117.4
3585,120.15
3586,111.25
3587,115.05
3588,122.8
3589,106.75
3590,113.3
3591,124.7
3592,128.6
3593,130.0
3594,121.55
3595,144.2
3596,121.65
3597,113.8
3598,125.8
3599,124.2
3600,114.75
3601,115.1
3602,129.9
3603,119.4
3604,118.0
3605,113.55
3606,115.1
3607,123.75
3608,114.1
3609,115.9
3610,129.2
3611,126.55
3612,123.5
3613,119.75
3614,108.4
3615,126.05
3616,127.05
3617,128.35
3618,122.7
3619,103.1
3620,93.75
3621,106.7
3622,114.0
3623,121.45
3624,112.65
3625,115.9
3626,103.15
3627,103.85
3628,112.05
3629,113.8
3630,116.25
3631,128.6
3632,124.3
3633,108.95
3634,113.65
3635,113.65
3636,114.5
3637,106.55
3638,118.45
3639,108.25
3640,119.75
3641,110.75
3642,117.3
3643,118.85
3644,115.9
3645,120.3
3646,109.55
3647,107.4
3648,122.15
3649,112.95
3650,107.6
3651,109.85
3652,129.3
3653,107.75
3654,111.95
3655,112.55
3656,106.3
3657,88.95
3658,103.3
3659,106.8
3660,105.45
3661,102.05
3662,98.05
3663,94.65
3664,119.35
3665,111.4
3666,102.25
3667,99.3
3668,109.1
3669,95.4
3670,97.5
3671,93.95
3672,103.55
3673,112.05
3674,117.4
3675,119.85
3676,125.6
3677,130.1
3678,103.4
3679,101.3
3680,113.0
3681,117.0
3682,107.1
3683,94.35
3684,115.75
3685,121.75
3686,106.95
3687,114.6
3688,115.15
3689,119.25
3690,120.5
3691,107.25
3692,113.75
3693,112.25
3694,122.1
3695,115.85
3696,104.4
3697,113.85
3698,101.95
3699,94.95
3700,117.5
3701,122.55
3702,102.55
3703,100.25
3704,108.3
3705,99.85
3706,101.0
3707,109.3
3708,117.35
3709,122.9
3710,118.0
3711,115.75
3712,107.95
3713,108.1
3714,96.2
3715,110.25
3716,110.05
3717,111.45
3718,113.2
3719,101.5
3720,103.1
3721,115.35
3722,109.15
3723,111.9
3724,99.45
3725,96.45
3726,100.3
3727,110.6
3728,105.25
3729,96.6
3730,96.25
3731,107.85
3732,113.25
3733,113.05
3734,111.9
3735,92.95
3736,115.3
3737,110.5
3738,117.9
3739,131.45
3740,100.45
3741,101.65
3742,104.0
3743,104.45
3744,101.8
3745,104.6
3746,110.35
3747,109.55
3748,120.9
3749,133.5
3750,119.95
3751,123.3
3752,131.7
3753,116.15
3754,109.4
3755,110.5
3756,126.9
3757,123.1
3758,121.9
3759,120.8
3760,106.0
3761,123.2
3762,137.9
3763,135.8
3764,120.5
3765,125.35
3766,126.4
3767,138.4
3768,143.0
3769,142.1
3770,141.15
3771,141.6
3772,139.4
3773,137.05
3774,140.55
3775,141.2
3776,140.35
3777,137.25
3778,152.0
3779,145.7
3780,136.45
3781,139.65
3782,135.85
3783,152.9
3784,142.85
3785,148.25
3786,161.1
3787,149.15
3788,154.9
3789,152.1
3790,169.05
3791,144.05
3792,144.35
3793,137.35
3794,130.9
3795,137.4
3796,126.35
3797,145.8
3798,140.4
3799,143.8
3800,146.8
3801,150.05
3802,147.05
3803,152.4
3804,152.7
3805,150.85
3806,159.7
3807,143.35
3808,121.95
3809,133.35
3810,150.25
3811,154.5
3812,172.6
3813,156.0
3814,143.7
3815,136.55
3816,129.65
3817,140.15
3818,133.85
3819,136.05
3820,118.7
3821,126.0
3822,133.9
3823,134.5
3824,130.55
3825,144.45
3826,127.55
3827,143.3
3828,139.55
