,Spiro_Data
0,17.3
1,20.6
2,18.1
3,24.6
4,24.15
5,22.3
6,27.8
7,22.55
8,29.35
9,40.25
10,48.0
11,51.35
12,53.8
13,42.35
14,46.95
15,56.4
16,63.7
17,67.8
18,80.2
19,91.25
20,83.35
21,82.85
22,92.9
23,84.55
24,94.4
25,89.15
26,85.2
27,92.3
28,78.2
29,99.4
30,75.9
31,85.9
32,79.5
33,84.2
34,87.2
35,81.75
36,85.7
37,89.15
38,88.65
39,86.2
40,89.25
41,71.65
42,83.85
43,86.35
44,63.1
45,74.5
46,69.0
47,72.35
48,77.05
49,73.5
50,83.9
51,92.1
52,84.0
53,82.6
54,88.1
55,83.35
56,70.15
57,61.95
58,51.75
59,64.55
60,62.15
61,67.05
62,86.65
63,83.15
64,67.5
65,73.35
66,85.7
67,68.55
68,60.15
69,57.8
70,71.25
71,73.0
72,70.65
73,72.55
74,68.9
75,76.0
76,61.2
77,67.55
78,64.7
79,60.45
80,66.45
81,63.4
82,62.5
83,66.35
84,64.5
85,59.0
86,72.25
87,63.4
88,70.9
89,78.3
90,76.75
91,80.35
92,73.7
93,79.75
94,74.75
95,81.05
96,65.8
97,73.5
98,58.65
99,64.9
100,59.2
101,66.25
102,80.35
103,64.0
104,59.6
105,53.65
106,57.45
107,57.65
108,59.35
109,61.35
110,69.05
111,75.3
112,60.45
113,72.4
114,60.45
115,69.5
116,61.35
117,60.95
118,69.3
119,68.15
120,68.75
121,81.0
122,71.6
123,72.9
124,69.0
125,72.55
126,81.9
127,76.7
128,60.15
129,70.5
130,58.15
131,72.1
132,86.15
133,87.45
134,81.7
135,71.65
136,70.7
137,81.55
138,86.2
139,83.35
140,81.5
141,73.65
142,69.9
143,73.6
144,70.55
145,77.25
146,74.4
147,77.55
148,76.9
149,83.55
150,93.55
151,86.5
152,92.85
153,81.8
154,73.6
155,67.15
156,84.35
157,86.95
158,86.75
159,66.5
160,73.1
161,86.55
162,73.3
163,90.4
164,78.1
165,74.15
166,78.85
167,94.15
168,80.65
169,73.7
170,82.6
171,83.9
172,82.0
173,85.6
174,76.5
175,88.95
176,94.65
177,91.25
178,80.2
179,70.1
180,83.8
181,65.7
182,75.2
183,85.5
184,87.95
185,75.7
186,84.0
187,77.85
188,88.25
189,73.35
190,72.7
191,78.45
192,73.95
193,70.95
194,75.45
195,85.4
196,72.2
197,77.7
198,74.85
199,75.5
200,64.3
201,74.75
202,68.65
203,74.2
204,73.85
205,70.65
206,70.35
207,76.35
208,80.05
209,62.45
210,67.5
211,57.05
212,65.5
213,59.45
214,70.9
215,71.1
216,66.8
217,58.3
218,60.1
219,57.9
220,54.7
221,63.05
222,57.4
223,60.8
224,52.7
225,56.8
226,70.4
227,62.95
228,68.3
229,61.45
230,77.25
231,59.05
232,63.15
233,63.55
234,61.5
235,79.0
236,67.25
237,59.35
238,63.15
239,64.9
240,69.55
241,60.9
242,77.1
243,73.8
244,72.5
245,70.05
246,68.65
247,61.15
248,66.75
249,55.5
250,67.1
251,63.75
252,48.2
253,63.25
254,66.55
255,66.25
256,66.3
257,61.9
258,76.55
259,68.95
260,75.5
261,89.4
262,82.5
263,83.1
264,80.6
265,86.7
266,86.0
267,77.35
268,77.55
269,77.15
270,79.0
271,92.2
272,78.4
273,75.3
274,93.05
275,93.15
276,83.75
277,83.0
278,87.2
279,86.35
280,74.7
281,74.95
282,83.2
283,93.0
284,103.45
285,88.75
286,78.85
287,87.55
288,98.35
289,87.1
290,90.85
291,98.8
292,93.55
293,95.65
294,95.4
295,100.65
296,97.2
297,85.9
298,97.75
299,105.4
300,105.2
301,99.2
302,97.05
303,99.45
304,94.65
305,101.25
306,102.15
307,90.75
308,87.85
309,83.4
310,90.1
311,85.1
312,86.95
313,80.35
314,84.3
315,80.3
316,79.75
317,82.35
318,79.15
319,79.65
320,83.4
321,81.55
322,73.85
323,72.5
324,74.35
325,70.4
326,70.75
327,65.6
328,65.85
329,69.85
330,72.5
331,68.65
332,70.05
333,70.8
334,65.8
335,67.95
336,65.0
337,67.65
338,65.15
339,63.6
340,60.5
341,61.2
342,59.4
343,62.3
344,60.6
345,59.35
346,55.6
347,54.35
348,53.45
349,53.05
350,54.5
351,51.25
352,53.3
353,53.45
354,44.05
355,46.1
356,43.4
357,47.65
358,44.6
359,41.9
360,43.75
361,48.45
362,43.15
363,40.35
364,40.25
365,42.15
366,42.65
367,36.05
368,36.15
369,34.05
370,34.05
371,34.2
372,33.55
373,31.15
374,32.8
375,32.4
376,28.65
377,24.95
378,25.1
379,23.85
380,23.7
381,23.35
382,22.35
383,22.6
384,22.0
385,22.15
386,22.45
387,22.4
388,23.0
389,23.65
390,22.45
391,18.85
392,17.3
393,16.65
394,13.2
395,14.6
396,14.85
397,14.45
398,12.5
399,13.45
400,11.85
401,9.95
402,8.8
403,8.05
404,8.25
405,8.7
406,7.6
407,6.85
408,6.05
409,6.6
410,6.4
411,4.8
412,3.2
413,3.7
414,3.35
415,2.3
416,1.85
417,1.65
418,1.2
419,0.9
420,0.15
421,-0.55
422,-0.75
423,-1.0
424,-1.45
425,-1.85
426,-2.35
427,-2.7
428,-3.05
429,-3.35
430,-3.7
431,-4.1
432,-4.65
433,-5.15
434,-5.7
435,-6.2
436,-6.75
437,-7.2
438,-7.8
439,-8.45
440,-9.2
441,-9.95
442,-10.55
443,-11.1
444,-11.6
445,-12.25
446,-12.65
447,-13.0
448,-13.4
449,-13.8
450,-14.35
451,-14.85
452,-15.25
453,-15.55
454,-15.9
455,-16.35
456,-16.75
457,-17.15
458,-17.55
459,-17.95
460,-18.4
461,-18.8
462,-18.85
463,-19.1
464,-19.35
465,-19.4
466,-19.65
467,-20.0
468,-20.45
469,-20.8
470,-21.45
471,-22.25
472,-22.8
473,-22.9
474,-22.95
475,-22.9
476,-23.65
477,-24.15
478,-24.5
479,-25.15
480,-25.95
481,-26.5
482,-26.95
483,-27.6
484,-28.1
485,-28.85
486,-29.25
487,-28.55
488,-28.6
489,-29.4
490,-30.0
491,-31.0
492,-31.95
493,-32.2
494,-33.05
495,-33.8
496,-34.35
497,-34.45
498,-34.7
499,-35.75
500,-36.0
501,-37.25
502,-37.15
503,-36.85
504,-35.8
505,-34.95
506,-35.6
507,-36.75
508,-37.4
509,-38.05
510,-38.0
511,-38.3
512,-38.05
513,-37.85
514,-38.15
515,-37.2
516,-37.2
517,-37.95
518,-38.6
519,-38.3
520,-37.75
521,-36.9
522,-36.85
523,-36.3
524,-38.05
525,-39.55
526,-40.8
527,-41.4
528,-41.5
529,-42.25
530,-43.25
531,-42.5
532,-43.15
533,-43.55
534,-42.7
535,-43.05
536,-42.9
537,-41.45
538,-41.65
539,-42.7
540,-43.5
541,-43.95
542,-45.0
543,-43.75
544,-43.1
545,-45.75
546,-46.3
547,-46.35
548,-47.05
549,-48.6
550,-48.8
551,-47.4
552,-46.9
553,-46.95
554,-47.1
555,-46.35
556,-45.2
557,-46.45
558,-47.55
559,-47.35
560,-45.75
561,-45.7
562,-45.2
563,-43.9
564,-45.75
565,-45.05
566,-43.95
567,-43.1
568,-42.1
569,-42.45
570,-42.6
571,-42.7
572,-43.0
573,-42.7
574,-42.1
575,-42.3
576,-42.9
577,-43.9
578,-44.4
579,-43.6
580,-42.45
581,-42.55
582,-41.55
583,-42.85
584,-44.5
585,-45.15
586,-44.8
587,-44.45
588,-44.4
589,-44.95
590,-45.35
591,-45.1
592,-45.7
593,-45.35
594,-44.95
595,-44.95
596,-44.7
597,-43.9
598,-44.15
599,-44.0
600,-44.55
601,-44.55
602,-45.05
603,-44.95
604,-45.1
605,-45.7
606,-45.85
607,-46.05
608,-45.75
609,-46.5
610,-47.5
611,-47.25
612,-46.65
613,-47.35
614,-48.35
615,-47.85
616,-48.5
617,-49.3
618,-48.65
619,-48.75
620,-49.15
621,-50.25
622,-50.85
623,-51.1
624,-51.35
625,-50.05
626,-49.85
627,-51.3
628,-51.65
629,-51.8
630,-51.7
631,-50.3
632,-51.25
633,-52.8
634,-52.95
635,-52.45
636,-51.85
637,-52.1
638,-51.15
639,-50.65
640,-51.2
641,-50.55
642,-49.85
643,-49.75
644,-49.05
645,-48.0
646,-50.35
647,-51.55
648,-51.45
649,-51.25
650,-53.85
651,-51.25
652,-49.9
653,-50.2
654,-51.05
655,-49.7
656,-49.9
657,-50.6
658,-50.75
659,-51.2
660,-49.85
661,-50.1
662,-51.1
663,-51.15
664,-51.15
665,-52.1
666,-50.85
667,-50.2
668,-51.25
669,-50.3
670,-51.75
671,-52.15
672,-52.75
673,-51.95
674,-49.95
675,-52.65
676,-52.4
677,-50.5
678,-49.75
679,-49.6
680,-50.45
681,-51.5
682,-50.7
683,-48.4
684,-48.4
685,-49.1
686,-49.55
687,-47.2
688,-47.3
689,-49.2
690,-48.4
691,-47.3
692,-47.4
693,-48.65
694,-47.9
695,-46.95
696,-46.45
697,-44.65
698,-45.05
699,-46.25
700,-47.25
701,-46.75
702,-45.3
703,-45.4
704,-45.05
705,-44.05
706,-43.85
707,-44.15
708,-45.05
709,-45.95
710,-46.25
711,-46.85
712,-45.55
713,-44.55
714,-44.65
715,-45.15
716,-45.45
717,-44.25
718,-43.3
719,-43.65
720,-44.45
721,-44.25
722,-45.85
723,-45.65
724,-44.75
725,-44.1
726,-45.5
727,-45.85
728,-43.6
729,-44.7
730,-46.85
731,-47.3
732,-46.85
733,-45.05
734,-46.35
735,-48.5
736,-48.15
737,-47.5
738,-46.1
739,-46.5
740,-46.45
741,-46.55
742,-46.25
743,-46.45
744,-46.05
745,-45.15
746,-43.35
747,-44.45
748,-45.2
749,-43.95
750,-44.9
751,-44.6
752,-43.45
753,-43.9
754,-46.1
755,-45.65
756,-47.4
757,-47.35
758,-44.9
759,-44.45
760,-45.2
761,-46.75
762,-47.2
763,-47.0
764,-45.05
765,-43.25
766,-43.05
767,-43.45
768,-43.7
769,-44.75
770,-44.4
771,-43.2
772,-43.4
773,-43.85
774,-44.4
775,-44.2
776,-43.65
777,-43.55
778,-43.75
779,-43.1
780,-43.75
781,-44.75
782,-45.3
783,-45.9
784,-44.85
785,-45.0
786,-45.75
787,-47.35
788,-48.3
789,-47.2
790,-47.25
791,-47.5
792,-46.9
793,-47.45
794,-46.65
795,-47.95
796,-50.1
797,-49.35
798,-49.1
799,-47.8
800,-47.75
801,-46.95
802,-46.85
803,-46.85
804,-45.55
805,-45.2
806,-44.0
807,-41.75
808,-40.25
809,-39.7
810,-39.15
811,-38.5
812,-36.8
813,-36.0
814,-34.3
815,-32.95
816,-31.15
817,-29.85
818,-28.7
819,-26.75
820,-25.05
821,-23.3
822,-21.35
823,-18.95
824,-16.75
825,-15.3
826,-13.55
827,-11.45
828,-9.45
829,-7.65
830,-6.2
831,-4.75
832,-3.45
833,-2.25
834,-1.3
835,-0.4
836,0.6
837,1.65
838,2.6
839,3.85
840,5.1
841,6.25
842,7.55
843,9.05
844,10.55
845,12.35
846,12.85
847,17.45
848,23.15
849,26.25
850,34.15
851,38.5
852,44.9
853,47.0
854,50.7
855,51.9
856,55.95
857,58.05
858,59.05
859,58.7
860,66.95
861,73.1
862,79.5
863,78.55
864,78.9
865,81.0
866,82.55
867,89.4
868,93.45
869,90.55
870,89.25
871,76.1
872,63.15
873,70.65
874,79.35
875,84.25
876,78.6
877,90.0
878,96.4
879,88.85
880,96.15
881,86.75
882,97.55
883,81.6
884,92.9
885,92.3
886,90.8
887,84.25
888,105.95
889,107.7
890,93.65
891,87.55
892,105.4
893,103.15
894,95.0
895,87.3
896,91.25
897,87.35
898,89.4
899,100.8
900,112.2
901,109.55
902,88.4
903,98.2
904,95.6
905,112.3
906,93.2
907,88.0
908,119.9
909,105.75
910,130.2
911,124.2
912,125.0
913,126.75
914,122.1
915,121.1
916,123.95
917,132.7
918,132.7
919,118.0
920,124.4
921,129.25
922,126.25
923,118.25
924,126.25
925,128.7
926,120.55
927,118.25
928,121.05
929,130.3
930,114.15
931,106.45
932,101.5
933,90.35
934,94.55
935,96.0
936,94.2
937,111.0
938,92.35
939,83.45
940,94.65
941,102.8
942,94.25
943,84.6
944,81.45
945,90.45
946,75.0
947,74.55
948,78.0
949,87.0
950,76.65
951,84.25
952,79.35
953,75.25
954,85.15
955,74.0
956,83.9
957,84.55
958,74.5
959,86.8
960,78.9
961,85.0
962,85.95
963,102.7
964,98.0
965,82.6
966,91.55
967,93.15
968,86.7
969,83.55
970,77.5
971,71.5
972,80.55
973,76.8
974,78.95
975,80.15
976,72.7
977,78.8
978,69.1
979,72.25
980,76.65
981,76.3
982,82.7
983,80.75
984,73.75
985,81.65
986,79.3
987,82.3
988,82.45
989,79.5
990,71.05
991,77.25
992,70.2
993,76.05
994,67.7
995,81.85
996,75.3
997,82.0
998,76.75
999,70.35
1000,71.45
1001,69.1
1002,74.75
1003,77.25
1004,85.25
1005,84.45
1006,73.1
1007,69.1
1008,62.65
1009,65.05
1010,71.15
1011,76.35
1012,76.65
1013,77.4
1014,71.5
1015,82.9
1016,70.65
1017,68.8
1018,68.65
1019,71.75
1020,71.8
1021,86.45
1022,86.5
1023,73.0
1024,74.4
1025,91.2
1026,77.2
1027,69.3
1028,71.55
1029,84.5
1030,84.5
1031,74.95
1032,67.65
1033,76.6
1034,74.05
1035,78.3
1036,72.0
1037,63.45
1038,70.15
1039,77.5
1040,79.65
1041,79.0
1042,75.6
1043,76.35
1044,84.95
1045,93.15
1046,87.4
1047,81.95
1048,72.85
1049,72.8
1050,79.3
1051,83.35
1052,87.35
1053,78.05
1054,79.25
1055,82.25
1056,76.15
1057,72.75
1058,79.1
1059,87.6
1060,84.4
1061,82.3
1062,93.25
1063,88.15
1064,73.05
1065,80.1
1066,82.65
1067,85.55
1068,79.1
1069,80.2
1070,78.2
1071,92.85
1072,86.65
1073,79.45
1074,92.45
1075,82.75
1076,88.9
1077,98.7
1078,96.75
1079,90.25
1080,89.5
1081,86.65
1082,89.4
1083,91.5
1084,88.45
1085,89.65
1086,87.3
1087,87.85
1088,96.4
1089,98.45
1090,92.4
1091,83.1
1092,77.7
1093,80.9
1094,82.95
1095,78.15
1096,82.25
1097,78.9
1098,85.15
1099,78.8
1100,74.7
1101,80.3
1102,83.75
1103,88.4
1104,82.45
1105,81.8
1106,78.25
1107,81.6
1108,90.8
1109,91.3
1110,91.15
1111,78.95
1112,82.95
1113,88.75
1114,88.4
1115,82.0
1116,87.75
1117,93.5
1118,82.1
1119,87.3
1120,89.85
1121,82.9
1122,83.3
1123,83.05
1124,82.45
1125,77.0
1126,80.3
1127,84.55
1128,86.0
1129,70.45
1130,76.7
1131,74.25
1132,74.7
1133,73.2
1134,73.95
1135,69.75
1136,69.15
1137,70.45
1138,67.95
1139,62.75
1140,58.4
1141,61.0
1142,61.7
1143,62.05
1144,59.85
1145,57.2
1146,58.15
1147,62.6
1148,59.4
1149,56.6
1150,56.4
1151,56.25
1152,54.0
1153,49.65
1154,53.45
1155,52.0
1156,56.5
1157,55.55
1158,53.4
1159,51.4
1160,50.55
1161,52.6
1162,51.4
1163,46.8
1164,46.05
1165,46.75
1166,42.55
1167,38.15
1168,43.85
1169,50.3
1170,47.65
1171,43.45
1172,40.5
1173,41.05
1174,42.55
1175,43.8
1176,41.35
1177,43.25
1178,41.45
1179,38.05
1180,34.5
1181,35.15
1182,39.7
1183,37.55
1184,31.15
1185,35.7
1186,33.35
1187,34.75
1188,33.15
1189,30.1
1190,32.9
1191,35.6
1192,39.75
1193,37.2
1194,37.1
1195,31.75
1196,30.3
1197,31.4
1198,32.8
1199,31.1
1200,30.8
1201,32.45
1202,35.65
1203,32.3
1204,31.1
1205,32.1
1206,30.35
1207,28.95
1208,24.1
1209,23.9
1210,24.75
1211,26.9
1212,25.35
1213,22.8
1214,23.45
1215,22.7
1216,21.35
1217,20.75
1218,19.6
1219,18.05
1220,17.8
1221,17.45
1222,17.35
1223,17.8
1224,18.25
1225,17.9
1226,15.75
1227,16.1
1228,17.35
1229,18.15
1230,15.35
1231,12.45
1232,10.45
1233,12.35
1234,10.5
1235,7.75
1236,5.35
1237,5.45
1238,5.35
1239,5.1
1240,4.75
1241,4.3
1242,3.0
1243,1.95
1244,1.05
1245,0.45
1246,-0.15
1247,-0.6
1248,-0.9
1249,-0.95
1250,-1.15
1251,-1.5
1252,-1.75
1253,-2.0
1254,-2.3
1255,-2.7
1256,-2.95
1257,-3.2
1258,-3.45
1259,-3.65
1260,-3.85
1261,-4.1
1262,-4.35
1263,-4.45
1264,-4.55
1265,-4.7
1266,-4.9
1267,-5.2
1268,-5.5
1269,-5.8
1270,-6.05
1271,-6.4
1272,-6.7
1273,-6.95
1274,-7.25
1275,-7.55
1276,-7.95
1277,-8.4
1278,-8.8
1279,-9.2
1280,-9.65
1281,-10.15
1282,-10.65
1283,-11.25
1284,-11.75
1285,-12.35
1286,-12.95
1287,-13.5
1288,-14.3
1289,-15.2
1290,-16.05
1291,-17.1
1292,-18.2
1293,-18.95
1294,-19.45
1295,-20.0
1296,-20.75
1297,-21.3
1298,-21.65
1299,-22.05
1300,-22.6
1301,-22.8
1302,-22.75
1303,-23.25
1304,-23.7
1305,-23.7
1306,-23.9
1307,-23.55
1308,-23.65
1309,-23.6
1310,-22.95
1311,-22.75
1312,-22.85
1313,-22.95
1314,-23.25
1315,-22.45
1316,-22.75
1317,-22.95
1318,-22.3
1319,-22.5
1320,-22.55
1321,-22.5
1322,-22.65
1323,-22.75
1324,-23.5
1325,-23.7
1326,-24.45
1327,-24.0
1328,-23.7
1329,-24.05
1330,-24.45
1331,-25.05
1332,-24.95
1333,-24.75
1334,-24.65
1335,-24.65
1336,-25.1
1337,-25.3
1338,-25.65
1339,-26.15
1340,-26.15
1341,-25.85
1342,-26.15
1343,-27.0
1344,-27.85
1345,-28.6
1346,-28.95
1347,-29.6
1348,-30.0
1349,-29.75
1350,-29.8
1351,-29.95
1352,-30.1
1353,-30.3
1354,-30.6
1355,-30.7
1356,-30.6
1357,-30.6
1358,-30.25
1359,-29.55
1360,-29.35
1361,-28.95
1362,-29.2
1363,-29.4
1364,-29.15
1365,-29.45
1366,-29.6
1367,-29.95
1368,-30.15
1369,-30.15
1370,-29.75
1371,-29.8
1372,-30.05
1373,-30.45
1374,-30.95
1375,-30.9
1376,-30.75
1377,-31.15
1378,-32.25
1379,-32.8
1380,-33.55
1381,-33.45
1382,-33.0
1383,-33.45
1384,-34.2
1385,-35.55
1386,-34.85
1387,-34.2
1388,-34.95
1389,-35.85
1390,-36.6
1391,-36.65
1392,-36.2
1393,-35.25
1394,-34.45
1395,-33.8
1396,-34.15
1397,-33.75
1398,-34.05
1399,-33.5
1400,-32.95
1401,-33.05
1402,-32.6
1403,-33.1
1404,-33.45
1405,-33.3
1406,-34.55
1407,-34.4
1408,-34.3
1409,-34.15
1410,-33.8
1411,-33.95
1412,-34.55
1413,-33.9
1414,-34.25
1415,-35.35
1416,-35.9
1417,-36.05
1418,-35.0
1419,-34.6
1420,-35.25
1421,-35.3
1422,-36.0
1423,-36.4
1424,-36.1
1425,-35.8
1426,-35.1
1427,-35.2
1428,-34.55
1429,-34.2
1430,-36.1
1431,-36.95
1432,-37.0
1433,-36.7
1434,-36.2
1435,-35.95
1436,-36.1
1437,-36.25
1438,-36.5
1439,-37.05
1440,-36.4
1441,-36.7
1442,-36.95
1443,-37.6
1444,-37.75
1445,-37.4
1446,-36.3
1447,-36.0
1448,-36.7
1449,-37.1
1450,-37.0
1451,-37.4
1452,-37.25
1453,-36.95
1454,-36.0
1455,-36.45
1456,-37.2
1457,-37.05
1458,-37.35
1459,-37.1
1460,-36.65
1461,-36.55
1462,-36.95
1463,-37.1
1464,-36.7
1465,-36.35
1466,-36.45
1467,-36.3
1468,-36.1
1469,-35.75
1470,-35.35
1471,-34.7
1472,-34.5
1473,-35.1
1474,-35.65
1475,-35.25
1476,-35.35
1477,-35.05
1478,-34.35
1479,-34.45
1480,-33.9
1481,-34.3
1482,-35.1
1483,-35.4
1484,-35.45
1485,-35.75
1486,-34.35
1487,-34.15
1488,-33.8
1489,-33.3
1490,-33.55
1491,-34.05
1492,-34.5
1493,-34.75
1494,-34.7
1495,-34.6
1496,-34.3
1497,-34.45
1498,-34.25
1499,-35.1
1500,-36.7
1501,-36.85
1502,-37.1
1503,-36.7
1504,-37.65
1505,-37.15
1506,-36.65
1507,-38.05
1508,-39.2
1509,-40.45
1510,-40.65
1511,-41.25
1512,-41.3
1513,-41.9
1514,-41.6
1515,-41.3
1516,-41.55
1517,-41.25
1518,-40.95
1519,-41.75
1520,-42.65
1521,-44.0
1522,-43.45
1523,-43.9
1524,-43.75
1525,-42.9
1526,-42.65
1527,-41.55
1528,-42.15
1529,-42.8
1530,-42.4
1531,-42.4
1532,-42.05
1533,-41.55
1534,-40.65
1535,-39.6
1536,-38.85
1537,-39.6
1538,-40.5
1539,-41.75
1540,-41.05
1541,-40.25
1542,-42.2
1543,-42.75
1544,-41.5
1545,-40.05
1546,-40.2
1547,-41.75
1548,-42.25
1549,-43.15
1550,-43.35
1551,-43.2
1552,-42.15
1553,-41.7
1554,-42.25
1555,-42.8
1556,-44.05
1557,-44.6
1558,-45.2
1559,-46.05
1560,-46.0
1561,-44.75
1562,-42.7
1563,-42.65
1564,-44.9
1565,-47.3
1566,-47.5
1567,-46.7
1568,-47.1
1569,-46.3
1570,-44.45
1571,-43.4
1572,-43.95
1573,-45.25
1574,-46.35
1575,-46.25
1576,-45.2
1577,-45.45
1578,-43.95
1579,-43.2
1580,-42.9
1581,-42.5
1582,-43.2
1583,-41.6
1584,-40.4
1585,-40.9
1586,-40.3
1587,-38.2
1588,-36.8
1589,-37.2
1590,-36.8
1591,-37.0
1592,-38.2
1593,-38.15
1594,-36.95
1595,-37.0
1596,-36.0
1597,-34.15
1598,-33.65
1599,-33.25
1600,-34.05
1601,-34.55
1602,-33.2
1603,-31.9
1604,-29.95
1605,-30.65
1606,-30.45
1607,-30.05
1608,-29.4
1609,-28.75
1610,-28.3
1611,-28.0
1612,-27.35
1613,-27.75
1614,-27.85
1615,-28.35
1616,-28.6
1617,-27.9
1618,-27.0
1619,-26.0
1620,-25.35
1621,-23.75
1622,-22.05
1623,-21.6
1624,-20.6
1625,-19.3
1626,-18.25
1627,-17.75
1628,-17.15
1629,-16.4
1630,-15.7
1631,-14.8
1632,-13.5
1633,-11.95
1634,-10.15
1635,-8.95
1636,-7.75
1637,-6.2
1638,-4.85
1639,-3.65
1640,-2.3
1641,-0.95
1642,0.2
1643,1.1
1644,2.05
1645,2.95
1646,4.0
1647,5.0
1648,5.9
1649,6.75
1650,7.7
1651,8.6
1652,9.75
1653,10.8
1654,15.25
1655,16.9
1656,21.3
1657,28.95
1658,32.6
1659,36.25
1660,37.7
1661,39.4
1662,43.55
1663,54.45
1664,51.95
1665,55.15
1666,57.9
1667,61.7
1668,54.25
1669,65.3
1670,72.05
1671,75.3
1672,78.6
1673,84.3
1674,92.0
1675,101.5
1676,98.8
1677,96.5
1678,111.9
1679,111.6
1680,115.65
1681,131.25
1682,121.25
1683,129.25
1684,127.65
1685,127.0
1686,128.4
1687,130.8
1688,137.05
1689,140.0
1690,152.9
1691,152.25
1692,145.6
1693,148.6
1694,147.85
1695,141.2
1696,134.7
1697,134.9
1698,134.1
1699,138.6
1700,129.5
1701,134.85
1702,128.65
1703,133.05
1704,137.95
1705,138.65
1706,127.6
1707,128.0
1708,133.8
1709,127.15
1710,130.95
1711,129.45
1712,134.95
1713,119.75
1714,119.6
1715,127.8
1716,128.85
1717,125.2
1718,121.8
1719,118.3
1720,123.7
1721,130.85
1722,128.9
1723,128.1
1724,127.85
1725,130.75
1726,130.55
1727,134.6
1728,123.6
1729,128.45
1730,128.05
1731,120.0
1732,117.2
1733,121.55
1734,127.7
1735,122.1
1736,119.95
1737,118.0
1738,110.15
1739,112.05
1740,113.5
1741,121.75
1742,118.8
1743,114.65
1744,115.1
1745,111.25
1746,115.5
1747,115.2
1748,108.35
1749,110.65
1750,116.6
1751,119.5
1752,112.55
1753,110.95
1754,106.55
1755,111.35
1756,108.95
1757,114.95
1758,107.35
1759,112.6
1760,109.85
1761,106.3
1762,112.05
1763,105.1
1764,105.25
1765,109.4
1766,104.55
1767,107.25
1768,115.15
1769,104.8
1770,108.15
1771,110.0
1772,113.35
1773,109.15
1774,111.8
1775,109.85
1776,117.95
1777,108.85
1778,110.25
1779,106.8
1780,112.4
1781,111.7
1782,113.05
1783,116.15
1784,118.5
1785,112.7
1786,118.65
1787,119.4
1788,119.95
1789,114.2
1790,117.55
1791,111.4
1792,103.85
1793,112.5
1794,119.0
1795,115.85
1796,107.3
1797,111.6
1798,115.3
1799,109.85
1800,108.6
1801,115.2
1802,112.75
1803,107.65
1804,114.3
1805,114.45
1806,119.55
1807,117.7
1808,115.15
1809,112.2
1810,108.05
1811,109.85
1812,103.9
1813,111.55
1814,113.4
1815,99.3
1816,116.4
1817,113.35
1818,107.8
1819,105.25
1820,100.45
1821,103.0
1822,99.65
1823,106.95
1824,92.8
1825,100.75
1826,96.85
1827,106.3
1828,99.5
1829,99.1
1830,100.65
1831,97.85
1832,95.6
1833,101.15
1834,99.35
1835,92.2
1836,90.3
1837,88.45
1838,91.55
1839,99.7
1840,94.95
1841,95.4
1842,98.55
1843,105.3
1844,94.0
1845,97.95
1846,105.7
1847,105.1
1848,100.95
1849,97.1
1850,104.25
1851,99.8
1852,95.95
1853,94.6
1854,95.6
1855,95.45
1856,89.6
1857,93.7
1858,96.65
1859,95.1
1860,97.9
1861,103.85
1862,89.55
1863,97.4
1864,91.75
1865,98.95
1866,96.05
1867,91.7
1868,90.15
1869,86.4
1870,82.9
1871,95.1
1872,93.65
1873,102.15
1874,94.75
1875,90.0
1876,92.6
1877,89.9
1878,94.4
1879,97.05
1880,95.4
1881,91.9
1882,88.3
1883,75.35
1884,79.65
1885,86.4
1886,86.65
1887,85.4
1888,84.45
1889,86.65
1890,93.25
1891,88.0
1892,93.3
1893,90.7
1894,88.2
1895,78.7
1896,80.55
1897,88.35
1898,82.25
1899,75.85
1900,81.65
1901,80.3
1902,80.45
1903,76.85
1904,85.55
1905,78.2
1906,76.8
1907,73.35
1908,77.7
1909,80.4
1910,74.35
1911,74.6
1912,76.35
1913,72.25
1914,71.1
1915,71.4
1916,72.45
1917,70.75
1918,67.35
1919,71.3
1920,67.9
1921,63.45
1922,69.65
1923,66.8
1924,68.0
1925,60.7
1926,60.85
1927,61.9
1928,62.6
1929,64.8
1930,54.2
1931,55.75
1932,55.25
1933,63.3
1934,61.65
1935,61.05
1936,62.55
1937,55.25
1938,52.15
1939,55.9
1940,52.7
1941,56.6
1942,52.05
1943,47.45
1944,45.25
1945,46.95
1946,44.55
1947,39.7
1948,42.3
1949,41.65
1950,37.4
1951,40.0
1952,38.95
1953,35.7
1954,35.7
1955,36.5
1956,33.75
1957,32.55
1958,32.6
1959,30.6
1960,30.8
1961,29.95
1962,27.4
1963,27.25
1964,27.8
1965,27.75
1966,25.35
1967,23.4
1968,24.5
1969,25.25
1970,22.9
1971,21.85
1972,21.25
1973,19.8
1974,20.3
1975,18.5
1976,17.8
1977,16.9
1978,18.05
1979,16.95
1980,16.9
1981,17.2
1982,16.65
1983,14.0
1984,13.2
1985,14.4
1986,13.4
1987,12.45
1988,11.2
1989,10.7
1990,9.9
1991,9.9
1992,11.55
1993,11.3
1994,9.25
1995,7.25
1996,7.25
1997,6.85
1998,5.7
1999,5.0
2000,5.35
2001,4.85
2002,3.75
2003,3.3
2004,2.2
2005,1.45
2006,1.6
2007,1.55
2008,0.95
2009,0.1
2010,-0.8
2011,-1.35
2012,-1.7
2013,-2.0
2014,-2.35
2015,-2.7
2016,-3.2
2017,-3.75
2018,-4.25
2019,-4.95
2020,-5.5
2021,-5.95
2022,-6.65
2023,-7.3
2024,-8.1
2025,-8.75
2026,-9.35
2027,-9.95
2028,-10.45
2029,-10.95
2030,-11.3
2031,-11.65
2032,-12.0
2033,-12.5
2034,-13.15
2035,-13.9
2036,-14.5
2037,-15.2
2038,-16.1
2039,-17.05
2040,-17.9
2041,-18.75
2042,-19.65
2043,-20.6
2044,-21.25
2045,-21.85
2046,-22.45
2047,-23.4
2048,-24.3
2049,-25.15
2050,-25.6
2051,-26.4
2052,-27.0
2053,-27.15
2054,-27.4
2055,-27.45
2056,-28.35
2057,-29.2
2058,-29.75
2059,-29.95
2060,-29.65
2061,-29.1
2062,-29.35
2063,-29.35
2064,-30.7
2065,-31.85
2066,-32.2
2067,-32.2
2068,-32.35
2069,-32.0
2070,-32.8
2071,-33.35
2072,-33.55
2073,-33.9
2074,-33.7
2075,-33.85
2076,-34.45
2077,-34.65
2078,-34.4
2079,-34.55
2080,-34.8
2081,-35.05
2082,-35.7
2083,-35.8
2084,-35.65
2085,-35.75
2086,-35.9
2087,-35.75
2088,-37.4
2089,-37.1
2090,-37.4
2091,-38.1
2092,-37.2
2093,-36.15
2094,-36.7
2095,-36.3
2096,-37.45
2097,-37.2
2098,-36.8
2099,-36.95
2100,-37.45
2101,-37.65
2102,-38.15
2103,-37.85
2104,-36.4
2105,-35.95
2106,-36.45
2107,-37.4
2108,-37.75
2109,-37.65
2110,-37.15
2111,-37.45
2112,-37.45
2113,-36.55
2114,-36.35
2115,-36.55
2116,-36.65
2117,-37.05
2118,-38.6
2119,-39.0
2120,-39.5
2121,-38.5
2122,-38.25
2123,-37.85
2124,-37.55
2125,-38.2
2126,-39.05
2127,-40.35
2128,-40.45
2129,-39.75
2130,-39.15
2131,-38.0
2132,-38.0
2133,-38.6
2134,-39.3
2135,-39.0
2136,-39.35
2137,-39.15
2138,-38.6
2139,-38.6
2140,-38.85
2141,-38.6
2142,-38.5
2143,-39.8
2144,-40.1
2145,-39.95
2146,-39.8
2147,-38.9
2148,-38.45
2149,-38.4
2150,-38.15
2151,-38.35
2152,-38.9
2153,-39.8
2154,-40.1
2155,-39.35
2156,-38.55
2157,-38.95
2158,-40.5
2159,-40.95
2160,-40.95
2161,-40.3
2162,-39.8
2163,-39.1
2164,-39.9
2165,-41.1
2166,-41.7
2167,-41.5
2168,-41.6
2169,-43.8
2170,-44.6
2171,-44.35
2172,-44.1
2173,-45.1
2174,-45.95
2175,-45.45
2176,-45.4
2177,-46.55
2178,-46.85
2179,-47.7
2180,-47.35
2181,-47.35
2182,-46.4
2183,-45.9
2184,-46.25
2185,-46.95
2186,-47.45
2187,-45.8
2188,-45.3
2189,-44.05
2190,-43.65
2191,-45.3
2192,-47.2
2193,-45.85
2194,-43.8
2195,-46.25
2196,-45.95
2197,-44.95
2198,-44.35
2199,-44.45
2200,-43.9
2201,-45.0
2202,-45.2
2203,-43.2
2204,-41.5
2205,-42.15
2206,-44.4
2207,-45.4
2208,-44.05
2209,-45.05
2210,-45.45
2211,-45.2
2212,-46.15
2213,-46.5
2214,-47.4
2215,-46.65
2216,-45.75
2217,-46.6
2218,-48.15
2219,-48.6
2220,-49.5
2221,-50.2
2222,-49.95
2223,-50.45
2224,-52.4
2225,-52.65
2226,-52.7
2227,-53.35
2228,-53.0
2229,-53.1
2230,-50.7
2231,-52.75
2232,-53.45
2233,-52.25
2234,-53.1
2235,-53.85
2236,-53.5
2237,-53.45
2238,-52.95
2239,-53.45
2240,-53.9
2241,-54.6
2242,-53.9
2243,-54.05
2244,-54.6
2245,-54.4
2246,-54.3
2247,-54.8
2248,-54.2
2249,-54.35
2250,-54.4
2251,-54.2
2252,-53.4
2253,-52.95
2254,-52.7
2255,-53.4
2256,-52.7
2257,-52.6
2258,-51.9
2259,-52.95
2260,-54.25
2261,-54.9
2262,-54.25
2263,-53.65
2264,-53.05
2265,-52.65
2266,-53.8
2267,-53.85
2268,-53.95
2269,-53.9
2270,-52.95
2271,-53.05
2272,-51.1
2273,-49.95
2274,-49.5
2275,-49.75
2276,-49.1
2277,-49.6
2278,-49.9
2279,-50.5
2280,-50.1
2281,-49.85
2282,-49.2
2283,-49.45
2284,-48.05
2285,-46.6
2286,-45.25
2287,-45.65
2288,-45.1
2289,-45.55
2290,-45.7
2291,-48.3
2292,-48.0
2293,-47.45
2294,-47.95
2295,-48.05
2296,-45.95
2297,-43.9
2298,-44.2
2299,-45.9
2300,-47.25
2301,-48.9
2302,-48.1
2303,-47.6
2304,-46.35
2305,-45.9
2306,-45.2
2307,-45.1
2308,-45.0
2309,-45.75
2310,-46.9
2311,-47.0
2312,-45.6
2313,-45.6
2314,-46.95
2315,-47.55
2316,-46.55
2317,-44.2
2318,-42.75
2319,-44.4
2320,-43.7
2321,-45.4
2322,-44.65
2323,-46.25
2324,-45.95
2325,-46.7
2326,-49.4
2327,-48.25
2328,-47.05
2329,-47.65
2330,-47.85
2331,-47.8
2332,-46.0
2333,-45.5
2334,-45.9
2335,-44.9
2336,-43.15
2337,-41.8
2338,-42.1
2339,-42.5
2340,-41.85
2341,-39.6
2342,-38.45
2343,-38.9
2344,-38.35
2345,-37.55
2346,-36.9
2347,-36.35
2348,-35.45
2349,-34.05
2350,-33.2
2351,-32.05
2352,-30.6
2353,-29.75
2354,-28.3
2355,-27.1
2356,-25.95
2357,-24.4
2358,-23.3
2359,-22.25
2360,-22.15
2361,-20.7
2362,-18.95
2363,-18.3
2364,-17.55
2365,-16.35
2366,-14.95
2367,-13.9
2368,-13.15
2369,-12.0
2370,-10.45
2371,-8.85
2372,-7.3
2373,-6.0
2374,-4.6
2375,-3.2
2376,-1.85
2377,-0.8
2378,0.4
2379,1.55
2380,2.5
2381,3.6
2382,4.7
2383,5.9
2384,7.3
2385,8.8
2386,10.2
2387,10.7
2388,11.45
2389,14.8
2390,19.75
2391,28.85
2392,34.15
2393,31.25
2394,31.05
2395,32.0
2396,32.8
2397,37.1
2398,37.1
2399,40.2
2400,49.15
2401,46.35
2402,46.2
2403,50.9
2404,57.55
2405,59.4
2406,61.0
2407,67.5
2408,71.7
2409,85.55
2410,81.4
2411,84.95
2412,89.75
2413,98.65
2414,98.75
2415,99.85
2416,113.55
2417,117.95
2418,114.5
2419,120.05
2420,124.35
2421,122.15
2422,128.75
2423,136.0
2424,123.55
2425,112.9
2426,122.5
2427,147.8
2428,148.4
2429,152.3
2430,143.8
2431,145.2
2432,154.1
2433,144.85
2434,135.35
2435,139.25
2436,145.95
2437,152.4
2438,146.25
2439,129.85
2440,139.1
2441,146.95
2442,136.25
2443,134.55
2444,138.45
2445,133.05
2446,127.95
2447,128.4
2448,123.0
2449,134.45
2450,143.3
2451,133.15
2452,127.45
2453,141.2
2454,143.6
2455,130.65
2456,147.35
2457,142.7
2458,144.3
2459,139.0
2460,136.5
2461,138.75
2462,145.1
2463,131.7
2464,117.85
2465,122.3
2466,118.75
2467,121.55
2468,124.5
2469,131.6
2470,135.1
2471,129.4
2472,127.5
2473,117.3
2474,123.4
2475,128.15
2476,118.6
2477,120.8
2478,126.35
2479,131.25
2480,133.7
2481,131.75
2482,131.35
2483,131.35
2484,131.65
2485,143.55
2486,136.2
2487,137.3
2488,122.7
2489,129.95
2490,127.95
2491,129.55
2492,118.95
2493,118.25
2494,116.1
2495,125.9
2496,124.55
2497,126.05
2498,131.6
2499,124.95
2500,129.15
2501,125.1
2502,118.7
2503,117.15
2504,107.05
2505,114.0
2506,119.5
2507,121.1
2508,115.7
2509,115.45
2510,117.25
2511,114.3
2512,111.7
2513,110.3
2514,112.65
2515,121.15
2516,115.9
2517,108.85
2518,114.5
2519,115.85
2520,109.0
2521,116.65
2522,113.75
2523,116.55
2524,110.55
2525,114.9
2526,116.55
2527,120.95
2528,116.1
2529,95.95
2530,106.05
2531,108.05
2532,108.55
2533,105.65
2534,82.0
2535,91.75
2536,104.15
2537,117.45
2538,114.0
2539,117.95
2540,117.35
2541,111.25
2542,114.65
2543,115.85
2544,112.2
2545,119.6
2546,108.0
2547,108.0
2548,107.85
2549,116.6
2550,106.9
2551,112.5
2552,107.05
2553,102.55
2554,110.55
2555,102.25
2556,102.85
2557,105.8
2558,103.05
2559,105.5
2560,107.2
2561,101.7
2562,103.25
2563,109.55
2564,97.05
2565,109.55
2566,105.6
2567,101.35
2568,108.55
2569,117.05
2570,113.8
2571,106.55
2572,108.65
2573,120.15
2574,119.55
2575,111.55
2576,125.05
2577,130.0
2578,130.5
2579,121.3
2580,127.2
2581,125.5
2582,121.85
2583,111.5
2584,128.2
2585,118.55
2586,125.1
2587,113.25
2588,110.5
2589,112.35
2590,123.2
2591,115.35
2592,108.35
2593,123.35
2594,120.4
2595,114.15
2596,105.85
2597,112.15
2598,118.7
2599,115.2
2600,113.9
2601,106.3
2602,105.15
2603,112.7
2604,116.7
2605,112.25
2606,103.35
2607,110.2
2608,118.65
2609,111.35
2610,116.5
2611,108.65
2612,117.7
2613,124.9
2614,114.85
2615,121.35
2616,109.8
2617,113.3
2618,124.6
2619,107.0
2620,112.35
2621,113.25
2622,119.25
2623,121.8
2624,110.8
2625,108.5
2626,119.7
2627,114.0
2628,110.5
2629,113.6
2630,112.0
2631,108.05
2632,108.3
2633,118.9
2634,115.85
2635,106.4
2636,105.9
2637,105.8
2638,99.1
2639,102.15
2640,98.25
2641,93.25
2642,101.45
2643,98.4
2644,105.5
2645,99.95
2646,93.65
2647,95.7
2648,92.8
2649,87.95
2650,90.6
2651,88.55
2652,93.2
2653,83.55
2654,87.7
2655,87.15
2656,86.65
2657,80.0
2658,77.5
2659,75.65
2660,79.05
2661,78.3
2662,80.6
2663,84.3
2664,77.6
2665,71.25
2666,73.8
2667,72.15
2668,71.15
2669,68.2
2670,72.3
2671,79.35
2672,76.5
2673,69.55
2674,71.2
2675,67.95
2676,64.5
2677,67.25
2678,67.65
2679,66.1
2680,65.8
2681,67.6
2682,70.35
2683,68.6
2684,70.0
2685,65.6
2686,68.1
2687,63.85
2688,60.9
2689,62.15
2690,60.6
2691,60.2
2692,56.5
2693,58.25
2694,56.3
2695,52.35
2696,56.9
2697,56.3
2698,47.8
2699,50.6
2700,47.5
2701,48.45
2702,49.85
2703,46.65
2704,41.9
2705,38.75
2706,42.4
2707,40.85
2708,39.2
2709,36.2
2710,38.75
2711,39.55
2712,37.5
2713,33.9
2714,30.95
2715,30.75
2716,30.6
2717,35.3
2718,32.8
2719,28.95
2720,27.7
2721,27.3
2722,29.0
2723,31.95
2724,32.25
2725,28.0
2726,25.65
2727,25.25
2728,24.55
2729,24.3
2730,24.7
2731,24.3
2732,21.95
2733,20.55
2734,19.4
2735,19.8
2736,19.65
2737,19.85
2738,18.85
2739,17.35
2740,17.2
2741,18.4
2742,17.45
2743,16.4
2744,14.85
2745,13.6
2746,14.25
2747,15.65
2748,13.7
2749,12.05
2750,10.65
2751,11.05
2752,10.2
2753,8.95
2754,10.2
2755,9.35
2756,7.85
2757,6.9
2758,4.95
2759,3.75
2760,3.6
2761,2.2
2762,1.0
2763,0.25
2764,-0.4
2765,-0.85
2766,-1.3
2767,-1.8
2768,-2.35
2769,-2.95
2770,-3.65
2771,-4.55
2772,-5.4
2773,-6.25
2774,-7.35
2775,-8.35
2776,-9.3
2777,-10.1
2778,-10.9
2779,-11.55
2780,-12.15
2781,-12.7
2782,-13.3
2783,-13.85
2784,-14.45
2785,-15.0
2786,-15.7
2787,-16.45
2788,-17.15
2789,-18.0
2790,-18.8
2791,-19.7
2792,-20.65
2793,-21.8
2794,-23.0
2795,-23.65
2796,-24.65
2797,-25.65
2798,-26.9
2799,-28.05
2800,-28.85
2801,-29.3
2802,-29.85
2803,-31.05
2804,-32.7
2805,-34.4
2806,-35.8
2807,-36.65
2808,-38.05
2809,-38.15
2810,-39.3
2811,-39.55
2812,-40.7
2813,-41.45
2814,-41.1
2815,-41.9
2816,-43.5
2817,-44.75
2818,-46.25
2819,-46.6
2820,-47.6
2821,-46.2
2822,-46.95
2823,-48.55
2824,-51.25
2825,-51.95
2826,-50.95
2827,-51.9
2828,-52.15
2829,-52.05
2830,-54.0
2831,-54.45
2832,-53.0
2833,-52.95
2834,-54.1
2835,-54.3
2836,-53.8
2837,-54.65
2838,-55.05
2839,-54.9
2840,-55.5
2841,-55.7
2842,-55.5
2843,-53.4
2844,-54.2
2845,-54.65
2846,-54.3
2847,-54.55
2848,-56.1
2849,-56.7
2850,-55.6
2851,-55.85
2852,-57.45
2853,-56.25
2854,-56.25
2855,-57.25
2856,-58.05
2857,-58.85
2858,-58.3
2859,-57.15
2860,-57.45
2861,-58.4
2862,-58.05
2863,-58.4
2864,-58.3
2865,-57.65
2866,-59.45
2867,-62.0
2868,-60.9
2869,-62.25
2870,-61.8
2871,-63.35
2872,-63.95
2873,-63.8
2874,-64.5
2875,-66.6
2876,-65.2
2877,-61.0
2878,-63.25
